substrate,formulation,vmax,load,pv,status,objective,maxgap,maxratio,n_at_vmax,min_branch_P,vpeak,class,fail_reason
highpv,default,1.05,0.1,0.3,SOLVED,-958.4661253830666,9.517254162061742e-9,0.008651052156433449,0,-0.3896517768211617,1.0259068384895687,exact,
highpv,default,1.05,0.1,0.5,SOLVED,-945.6980337449921,5.596124742611062e-9,0.0054860960770736645,0,-0.7045463863549669,1.048523018984388,exact,
highpv,default,1.05,0.1,0.7,SOLVED,-934.1853096338547,2.5172500320302937e-8,0.015153712956915075,0,-0.8175131253532087,1.0484014228336145,exact,
highpv,default,1.05,0.1,0.9,SOLVED,-924.1177048254566,1.7468663709996335e-8,0.009588822113317406,0,-0.9802427678708453,1.048610345081559,exact,
highpv,default,1.05,0.1,1.0,SOLVED,-919.5224231277721,2.0765182906501423e-9,0.0008630987410706108,0,-1.0585075861133095,1.0484573596154516,exact,
highpv,default,1.05,0.1,1.1,SOLVED,-915.1313093158954,3.98566313286608e-9,0.0012459457236227648,0,-1.132936739833857,1.0483086570601232,exact,
highpv,default,1.05,0.1,1.2,SOLVED,-910.9065768639867,0.06713402217049498,8196.47433131369,0,-1.2104159667242398,1.0482106330901937,inexact,
highpv,default,1.05,0.1,1.4,FAILED:ErrorException,NaN,NaN,NaN,-1,NaN,NaN,guard,"Battery complementarity violated at bus 2, t=10: p_ch·p_dch = 2.0952069255534144e-5 ≥ τ·Pmax² = 1.0000000000000003e-5 (relative τ=0.001, Pmax≈0.1; App. C, threat T-03-13)"
highpv,default,1.05,0.1,1.6,FAILED:ErrorException,NaN,NaN,NaN,-1,NaN,NaN,guard,"Battery complementarity violated at bus 2, t=16: p_ch·p_dch = 1.3955052642802577e-5 ≥ τ·Pmax² = 1.0000000000000003e-5 (relative τ=0.001, Pmax≈0.1; App. C, threat T-03-13)"
highpv,default,1.05,0.1,2.0,FAILED:ErrorException,NaN,NaN,NaN,-1,NaN,NaN,guard,"Battery complementarity violated at bus 2, t=8: p_ch·p_dch = 2.4780948565431507e-5 ≥ τ·Pmax² = 1.0000000000000003e-5 (relative τ=0.001, Pmax≈0.1; App. C, threat T-03-13)"
highpv,default,1.05,0.15,0.3,SOLVED,-965.2755941029473,5.2075204933811625e-9,0.004578661480338547,0,-0.3319234702720467,1.0202129116926877,exact,
highpv,default,1.05,0.15,0.5,SOLVED,-952.4187053543309,8.829940898683747e-9,0.007203725698026443,0,-0.6768006640669972,1.0453358802228099,exact,
highpv,default,1.05,0.15,0.7,SOLVED,-940.4654478679502,8.864671802166768e-9,0.004182270027590055,0,-0.8010965020782456,1.0483116601347324,exact,
highpv,default,1.05,0.15,0.9,SOLVED,-929.9335287305087,5.509181416618603e-9,0.0031000559416021435,0,-0.9598593345872092,1.0485518983188125,exact,
highpv,default,1.05,0.15,1.0,FAILED:ErrorException,NaN,NaN,NaN,-1,NaN,NaN,guard,"Battery complementarity violated at bus 3, t=12: p_ch·p_dch = 1.3292283721707052e-5 ≥ τ·Pmax² = 1.0000000000000003e-5 (relative τ=0.001, Pmax≈0.1; App. C, threat T-03-13)"
highpv,default,1.05,0.15,1.1,SOLVED,-920.6134833303538,3.6847354276288435e-8,0.021631461229526094,0,-1.1163496442801633,1.0483268824580503,exact,
highpv,default,1.05,0.15,1.2,SOLVED,-916.2144783278209,2.433003301691855e-8,0.017046342478298806,0,-1.1894270149737842,1.0481732131667156,exact,
highpv,default,1.05,0.15,1.4,FAILED:ErrorException,NaN,NaN,NaN,-1,NaN,NaN,guard,"Battery complementarity violated at bus 2, t=9: p_ch·p_dch = 1.0544921070036325e-5 ≥ τ·Pmax² = 1.0000000000000003e-5 (relative τ=0.001, Pmax≈0.1; App. C, threat T-03-13)"
highpv,default,1.05,0.15,1.6,FAILED:ErrorException,NaN,NaN,NaN,-1,NaN,NaN,guard,"Battery complementarity violated at bus 2, t=16: p_ch·p_dch = 1.3901780496966893e-5 ≥ τ·Pmax² = 1.0000000000000003e-5 (relative τ=0.001, Pmax≈0.1; App. C, threat T-03-13)"
highpv,default,1.05,0.15,2.0,FAILED:ErrorException,NaN,NaN,NaN,-1,NaN,NaN,guard,"Battery complementarity violated at bus 2, t=8: p_ch·p_dch = 2.422371921649239e-5 ≥ τ·Pmax² = 1.0000000000000003e-5 (relative τ=0.001, Pmax≈0.1; App. C, threat T-03-13)"
highpv,default,1.05,0.2,0.3,SOLVED,-972.14232397752,1.5255544871632665e-8,0.013828225481405014,0,-0.27373097470230623,1.014454915436371,exact,
highpv,default,1.05,0.2,0.5,SOLVED,-959.2016319589553,3.845296317472879e-9,0.00264717335099472,0,-0.6208294600136905,1.0398638943414582,exact,
highpv,default,1.05,0.2,0.7,SOLVED,-946.9401267727222,1.9107246590488458e-8,0.010455829226733796,0,-0.7846127662938439,1.0481843476073314,exact,
highpv,default,1.05,0.2,0.9,SOLVED,-935.9436171983064,6.73613043122856e-9,0.0031773441777475315,0,-0.9387535005995618,1.0484786617219948,exact,
highpv,default,1.05,0.2,1.0,SOLVED,-930.9921504554505,8.942386303667504e-9,0.004351813245718979,0,-1.0215335394807596,1.0484795138098975,exact,
highpv,default,1.05,0.2,1.1,FAILED:ErrorException,NaN,NaN,NaN,-1,NaN,NaN,guard,"Battery complementarity violated at bus 3, t=12: p_ch·p_dch = 2.3785359446266524e-5 ≥ τ·Pmax² = 1.0000000000000003e-5 (relative τ=0.001, Pmax≈0.1; App. C, threat T-03-13)"
highpv,default,1.05,0.2,1.2,SOLVED,-921.7543329530947,2.586680063199065e-8,0.016737657040163584,0,-1.1733060970273481,1.048190774356971,exact,
highpv,default,1.05,0.2,1.4,FAILED:ErrorException,NaN,NaN,NaN,-1,NaN,NaN,guard,"Battery complementarity violated at bus 2, t=9: p_ch·p_dch = 1.4321123440644915e-5 ≥ τ·Pmax² = 1.0000000000000003e-5 (relative τ=0.001, Pmax≈0.1; App. C, threat T-03-13)"
highpv,default,1.05,0.2,1.6,FAILED:ErrorException,NaN,NaN,NaN,-1,NaN,NaN,guard,"Battery complementarity violated at bus 2, t=9: p_ch·p_dch = 1.4253166573551919e-5 ≥ τ·Pmax² = 1.0000000000000003e-5 (relative τ=0.001, Pmax≈0.1; App. C, threat T-03-13)"
highpv,default,1.05,0.2,2.0,FAILED:ErrorException,NaN,NaN,NaN,-1,NaN,NaN,guard,"Battery complementarity violated at bus 2, t=8: p_ch·p_dch = 2.296558907930373e-5 ≥ τ·Pmax² = 1.0000000000000003e-5 (relative τ=0.001, Pmax≈0.1; App. C, threat T-03-13)"
highpv,default,1.05,0.3,0.3,SOLVED,-986.2772363393298,7.168984183202054e-9,0.006580910053774649,0,-0.14652583098045732,1.0017985945185146,exact,
highpv,default,1.05,0.3,0.5,SOLVED,-973.1435644838166,2.509889033370724e-8,0.023002724839005343,0,-0.49895736846963484,1.0278932970618337,exact,
highpv,default,1.05,0.3,0.7,SOLVED,-960.3856108752625,1.3414531579297728e-8,0.012329839339352498,0,-0.783379287606029,1.0481333794872836,exact,
highpv,default,1.05,0.3,0.9,SOLVED,-948.6993958048298,7.220799291829394e-9,0.0027844544138400542,0,-0.9048710693828376,1.04786554239551,exact,
highpv,default,1.05,0.3,1.0,SOLVED,-943.2484598966653,2.1197398947236934e-8,0.009750523005027318,0,-0.9802890130177045,1.0483223174396121,exact,
highpv,default,1.05,0.3,1.1,SOLVED,-938.1197880324466,7.357998904611307e-9,0.004754107409768629,0,-1.058463263570216,1.0483227258631937,exact,
highpv,default,1.05,0.3,1.2,SOLVED,-933.3706003143662,1.6771146235661227e-8,0.008061386755125742,0,-1.137385500068643,1.0482495512026544,exact,
highpv,default,1.05,0.3,1.4,SOLVED,-924.3121399869134,0.33784296702065786,9515.014559285006,0,-1.2872638049412457,1.0478940803457837,inexact,
highpv,default,1.05,0.3,1.6,FAILED:ErrorException,NaN,NaN,NaN,-1,NaN,NaN,guard,"Battery complementarity violated at bus 2, t=9: p_ch·p_dch = 1.7636096762290226e-5 ≥ τ·Pmax² = 1.0000000000000003e-5 (relative τ=0.001, Pmax≈0.1; App. C, threat T-03-13)"
highpv,default,1.05,0.3,2.0,FAILED:ErrorException,NaN,NaN,NaN,-1,NaN,NaN,guard,"Battery complementarity violated at bus 2, t=9: p_ch·p_dch = 1.226025177722912e-5 ≥ τ·Pmax² = 1.0000000000000003e-5 (relative τ=0.001, Pmax≈0.1; App. C, threat T-03-13)"
highpv,default,1.05,0.4,0.3,FAILED:ErrorException,NaN,NaN,NaN,-1,NaN,NaN,infeasible,Solve failed — refusing to trust results: |   termination_status : INFEASIBLE |   primal_status      : INFEASIBLE_POINT |   dual_status        : INFEASIBILITY_CERTIFICATE |   raw_status         : PRIMAL_INFEA
highpv,default,1.05,0.4,0.5,FAILED:ErrorException,NaN,NaN,NaN,-1,NaN,NaN,infeasible,Solve failed — refusing to trust results: |   termination_status : INFEASIBLE |   primal_status      : INFEASIBLE_POINT |   dual_status        : INFEASIBILITY_CERTIFICATE |   raw_status         : PRIMAL_INFEA
highpv,default,1.05,0.4,0.7,FAILED:ErrorException,NaN,NaN,NaN,-1,NaN,NaN,infeasible,Solve failed — refusing to trust results: |   termination_status : INFEASIBLE |   primal_status      : INFEASIBLE_POINT |   dual_status        : INFEASIBILITY_CERTIFICATE |   raw_status         : PRIMAL_INFEA
highpv,default,1.05,0.4,0.9,FAILED:ErrorException,NaN,NaN,NaN,-1,NaN,NaN,infeasible,Solve failed — refusing to trust results: |   termination_status : INFEASIBLE |   primal_status      : INFEASIBLE_POINT |   dual_status        : INFEASIBILITY_CERTIFICATE |   raw_status         : PRIMAL_INFEA
highpv,default,1.05,0.4,1.0,FAILED:ErrorException,NaN,NaN,NaN,-1,NaN,NaN,infeasible,Solve failed — refusing to trust results: |   termination_status : INFEASIBLE |   primal_status      : INFEASIBLE_POINT |   dual_status        : INFEASIBILITY_CERTIFICATE |   raw_status         : PRIMAL_INFEA
highpv,default,1.05,0.4,1.1,FAILED:ErrorException,NaN,NaN,NaN,-1,NaN,NaN,infeasible,Solve failed — refusing to trust results: |   termination_status : INFEASIBLE |   primal_status      : INFEASIBLE_POINT |   dual_status        : INFEASIBILITY_CERTIFICATE |   raw_status         : PRIMAL_INFEA
highpv,default,1.05,0.4,1.2,FAILED:ErrorException,NaN,NaN,NaN,-1,NaN,NaN,infeasible,Solve failed — refusing to trust results: |   termination_status : INFEASIBLE |   primal_status      : INFEASIBLE_POINT |   dual_status        : INFEASIBILITY_CERTIFICATE |   raw_status         : PRIMAL_INFEA
highpv,default,1.05,0.4,1.4,FAILED:ErrorException,NaN,NaN,NaN,-1,NaN,NaN,infeasible,Solve failed — refusing to trust results: |   termination_status : INFEASIBLE |   primal_status      : INFEASIBLE_POINT |   dual_status        : INFEASIBILITY_CERTIFICATE |   raw_status         : PRIMAL_INFEA
highpv,default,1.05,0.4,1.6,FAILED:ErrorException,NaN,NaN,NaN,-1,NaN,NaN,infeasible,Solve failed — refusing to trust results: |   termination_status : INFEASIBLE |   primal_status      : INFEASIBLE_POINT |   dual_status        : INFEASIBILITY_CERTIFICATE |   raw_status         : PRIMAL_INFEA
highpv,default,1.05,0.4,2.0,FAILED:ErrorException,NaN,NaN,NaN,-1,NaN,NaN,infeasible,Solve failed — refusing to trust results: |   termination_status : INFEASIBLE |   primal_status      : INFEASIBLE_POINT |   dual_status        : INFEASIBILITY_CERTIFICATE |   raw_status         : PRIMAL_INFEA
highpv,default,1.075,0.1,0.3,SOLVED,-958.4661253244823,1.0302155587383482e-8,0.009364516005039665,0,-0.38965277973635837,1.0259068895425258,exact,
highpv,default,1.075,0.1,0.5,SOLVED,-945.690750550055,1.2086306323821905e-8,0.011333001893326488,0,-0.732368055150289,1.0507523911908214,exact,
highpv,default,1.075,0.1,0.7,SOLVED,-933.2386233262607,2.096849484052154e-8,0.02059901770115683,0,-1.032643503569564,1.071894766281826,exact,
highpv,default,1.075,0.1,0.9,SOLVED,-921.8652820740415,4.161807676261731e-9,0.00313114743386998,0,-1.1432855754815767,1.0717732160783777,exact,
highpv,default,1.075,0.1,1.0,SOLVED,-916.5866261734684,6.634612692568709e-9,0.004527680864431875,0,-1.2153755850780597,1.0714799743639898,exact,
highpv,default,1.075,0.1,1.1,SOLVED,-911.4258534985082,3.080901922469792e-9,0.0021671389923057336,0,-1.289046143198232,1.0720778538322053,exact,
highpv,default,1.075,0.1,1.2,SOLVED,-906.6049138964868,7.572247939791055e-9,0.0024312849219247294,0,-1.3670201936763964,1.0720771642349483,exact,
highpv,default,1.075,0.1,1.4,SOLVED,-897.5452401037878,7.2461695671544035e-9,0.004791332357050512,0,-1.5148635496751155,1.0717492440244922,exact,
highpv,default,1.075,0.1,1.6,SOLVED,-889.0942605486152,1.0614418847337825e-8,0.0058789116217902735,0,-1.6534483440392966,1.0713410995035706,exact,
highpv,default,1.075,0.1,2.0,FAILED:ErrorException,NaN,NaN,NaN,-1,NaN,NaN,guard,"Battery complementarity violated at bus 2, t=9: p_ch·p_dch = 1.8033961525891607e-5 ≥ τ·Pmax² = 1.0000000000000003e-5 (relative τ=0.001, Pmax≈0.1; App. C, threat T-03-13)"
highpv,default,1.075,0.15,0.3,SOLVED,-965.2755939913742,4.438297392800328e-9,0.0028735447203024522,0,-0.33192435824235206,1.020212955550446,exact,
highpv,default,1.075,0.15,0.5,SOLVED,-952.4187052421595,7.436561482929149e-9,0.006066966446800831,0,-0.6768004302197709,1.0453358708305065,exact,
highpv,default,1.075,0.15,0.7,SOLVED,-939.8846373020884,6.2190709001867794e-9,0.005073702184445345,0,-1.0056143789419818,1.0688093122602023,exact,
highpv,default,1.075,0.15,0.9,SOLVED,-928.157563338763,1.6374686051534582e-9,0.0010038690729843056,0,-1.1269199872921187,1.0716169902575137,exact,
highpv,default,1.075,0.15,1.0,SOLVED,-922.7418453668562,1.2327631693231922e-8,0.008799366056602597,0,-1.2014067104515058,1.0715174759969848,exact,
highpv,default,1.075,0.15,1.1,SOLVED,-917.4900832493546,2.4482706750816874e-8,0.021998412740590945,0,-1.2727351506496496,1.0714914419753385,exact,
highpv,default,1.075,0.15,1.2,SOLVED,-912.4303446229856,2.0970780112428145e-8,0.01343927367300763,0,-1.347500042678743,1.0719775942574397,exact,
highpv,default,1.075,0.15,1.4,FAILED:ErrorException,NaN,NaN,NaN,-1,NaN,NaN,guard,"Battery complementarity violated at bus 3, t=12: p_ch·p_dch = 2.4240700541651007e-5 ≥ τ·Pmax² = 1.0000000000000003e-5 (relative τ=0.001, Pmax≈0.1; App. C, threat T-03-13)"
highpv,default,1.075,0.15,1.6,FAILED:ErrorException,NaN,NaN,NaN,-1,NaN,NaN,guard,"Battery complementarity violated at bus 3, t=14: p_ch·p_dch = 1.4027645348060237e-5 ≥ τ·Pmax² = 1.0000000000000003e-5 (relative τ=0.001, Pmax≈0.1; App. C, threat T-03-13)"
highpv,default,1.075,0.15,2.0,FAILED:ErrorException,NaN,NaN,NaN,-1,NaN,NaN,guard,"Battery complementarity violated at bus 2, t=9: p_ch·p_dch = 1.8830103943253033e-5 ≥ τ·Pmax² = 1.0000000000000003e-5 (relative τ=0.001, Pmax≈0.1; App. C, threat T-03-13)"
highpv,default,1.075,0.2,0.3,SOLVED,-972.1423237983998,1.5197994128815506e-8,0.014030080221566309,0,-0.27373159618356635,1.0144549580958522,exact,
highpv,default,1.075,0.2,0.5,SOLVED,-959.2016318998873,3.1747136169935075e-9,0.0028649408160090362,0,-0.6208293729837463,1.0398638903319437,exact,
highpv,default,1.075,0.2,0.7,SOLVED,-946.5907639786332,5.094177871201033e-9,0.004360047816569722,0,-0.9515517706253295,1.0635810990526828,exact,
highpv,default,1.075,0.2,0.9,SOLVED,-934.6112852215291,3.563581529864024e-8,0.017825699046762126,0,-1.1120020923915988,1.0714229193667135,exact,
highpv,default,1.075,0.2,1.0,SOLVED,-928.9876457393498,2.8606792379370916e-8,0.014321893304274804,0,-1.185661878414759,1.0714190571047604,exact,
highpv,default,1.075,0.2,1.1,SOLVED,-923.6652528926292,4.6418729415798055e-9,0.002119875905469187,0,-1.258414992641848,1.0712145395455586,exact,
highpv,default,1.075,0.2,1.2,SOLVED,-918.449748249614,8.183911326398174e-9,0.0027631786274348847,0,-1.3298483775964594,1.0718171333889752,exact,
highpv,default,1.075,0.2,1.4,SOLVED,-908.8706554076878,2.8054142342526234e-8,0.00711729293890689,0,-1.480730590957683,1.0718187413984985,exact,
highpv,default,1.075,0.2,1.6,SOLVED,-899.9323174531766,9.863985121760788e-9,0.003785801651599277,0,-1.6229615361992225,1.0713893703625719,exact,
highpv,default,1.075,0.2,2.0,FAILED:ErrorException,NaN,NaN,NaN,-1,NaN,NaN,guard,"Battery complementarity violated at bus 2, t=9: p_ch·p_dch = 1.9292294896847116e-5 ≥ τ·Pmax² = 1.0000000000000003e-5 (relative τ=0.001, Pmax≈0.1; App. C, threat T-03-13)"
highpv,default,1.075,0.3,0.3,SOLVED,-986.27723843841,2.373789139732685e-8,0.015450888203641511,0,-0.14653547251698432,1.001799602540533,exact,
highpv,default,1.075,0.3,0.5,SOLVED,-973.1435643571212,2.4083695396586065e-8,0.022072317215457906,0,-0.4989571811488417,1.0278932873240407,exact,
highpv,default,1.075,0.3,0.7,SOLVED,-960.3602937875851,2.7890740770739053e-8,0.023820311807382834,0,-0.834792837691206,1.052243994069852,exact,
highpv,default,1.075,0.3,0.9,SOLVED,-947.9088632736216,1.4200429721000773e-9,0.0008748326091999195,0,-1.1087279421880079,1.0713655773240736,exact,
highpv,default,1.075,0.3,1.0,SOLVED,-942.1214591005562,1.7138944374828213e-8,0.007084732013829916,0,-1.1555241763389754,1.0710935047874668,exact,
highpv,default,1.075,0.3,1.1,SOLVED,-936.4453365369507,1.6867961527555764e-8,0.007304434905048437,0,-1.2272136565432505,1.0710295686463658,exact,
highpv,default,1.075,0.3,1.2,SOLVED,-931.0177014509236,1.9150601160422553e-8,0.008958672838530461,0,-1.3009075230396363,1.0709327822080352,exact,
highpv,default,1.075,0.3,1.4,SOLVED,-920.6882572791292,6.306830613311831e-10,0.000295959317914635,0,-1.4437461534205813,1.0716636868477143,exact,
highpv,default,1.075,0.3,1.6,SOLVED,-911.3962368336918,2.319448189069817e-9,0.000507740567600383,0,-1.5886656812430184,1.0714667019171775,exact,
highpv,default,1.075,0.3,2.0,SOLVED,-894.3351267974159,1.176459701454657,9745.61573861465,0,-1.85553919689213,1.0705035572958255,inexact,
highpv,default,1.075,0.4,0.3,FAILED:ErrorException,NaN,NaN,NaN,-1,NaN,NaN,infeasible,Solve failed — refusing to trust results: |   termination_status : INFEASIBLE |   primal_status      : INFEASIBLE_POINT |   dual_status        : INFEASIBILITY_CERTIFICATE |   raw_status         : PRIMAL_INFEA
highpv,default,1.075,0.4,0.5,FAILED:ErrorException,NaN,NaN,NaN,-1,NaN,NaN,infeasible,Solve failed — refusing to trust results: |   termination_status : INFEASIBLE |   primal_status      : INFEASIBLE_POINT |   dual_status        : INFEASIBILITY_CERTIFICATE |   raw_status         : PRIMAL_INFEA
highpv,default,1.075,0.4,0.7,FAILED:ErrorException,NaN,NaN,NaN,-1,NaN,NaN,infeasible,Solve failed — refusing to trust results: |   termination_status : INFEASIBLE |   primal_status      : INFEASIBLE_POINT |   dual_status        : INFEASIBILITY_CERTIFICATE |   raw_status         : PRIMAL_INFEA
highpv,default,1.075,0.4,0.9,FAILED:ErrorException,NaN,NaN,NaN,-1,NaN,NaN,infeasible,Solve failed — refusing to trust results: |   termination_status : INFEASIBLE |   primal_status      : INFEASIBLE_POINT |   dual_status        : INFEASIBILITY_CERTIFICATE |   raw_status         : PRIMAL_INFEA
highpv,default,1.075,0.4,1.0,FAILED:ErrorException,NaN,NaN,NaN,-1,NaN,NaN,infeasible,Solve failed — refusing to trust results: |   termination_status : INFEASIBLE |   primal_status      : INFEASIBLE_POINT |   dual_status        : INFEASIBILITY_CERTIFICATE |   raw_status         : PRIMAL_INFEA
highpv,default,1.075,0.4,1.1,FAILED:ErrorException,NaN,NaN,NaN,-1,NaN,NaN,infeasible,Solve failed — refusing to trust results: |   termination_status : INFEASIBLE |   primal_status      : INFEASIBLE_POINT |   dual_status        : INFEASIBILITY_CERTIFICATE |   raw_status         : PRIMAL_INFEA
highpv,default,1.075,0.4,1.2,FAILED:ErrorException,NaN,NaN,NaN,-1,NaN,NaN,infeasible,Solve failed — refusing to trust results: |   termination_status : INFEASIBLE |   primal_status      : INFEASIBLE_POINT |   dual_status        : INFEASIBILITY_CERTIFICATE |   raw_status         : PRIMAL_INFEA
highpv,default,1.075,0.4,1.4,FAILED:ErrorException,NaN,NaN,NaN,-1,NaN,NaN,infeasible,Solve failed — refusing to trust results: |   termination_status : INFEASIBLE |   primal_status      : INFEASIBLE_POINT |   dual_status        : INFEASIBILITY_CERTIFICATE |   raw_status         : PRIMAL_INFEA
highpv,default,1.075,0.4,1.6,FAILED:ErrorException,NaN,NaN,NaN,-1,NaN,NaN,infeasible,Solve failed — refusing to trust results: |   termination_status : INFEASIBLE |   primal_status      : INFEASIBLE_POINT |   dual_status        : INFEASIBILITY_CERTIFICATE |   raw_status         : PRIMAL_INFEA
highpv,default,1.075,0.4,2.0,FAILED:ErrorException,NaN,NaN,NaN,-1,NaN,NaN,infeasible,Solve failed — refusing to trust results: |   termination_status : INFEASIBLE |   primal_status      : INFEASIBLE_POINT |   dual_status        : INFEASIBILITY_CERTIFICATE |   raw_status         : PRIMAL_INFEA
highpv,default,1.1,0.1,0.3,SOLVED,-958.4661272262495,5.6141969834557284e-8,0.051032055651968014,0,-0.3896451485944378,1.0259064323413425,exact,
highpv,default,1.1,0.1,0.5,SOLVED,-945.6907502862665,7.64479908890725e-9,0.007157199254227525,0,-0.7323673337125708,1.0507523646756556,exact,
highpv,default,1.1,0.1,0.7,SOLVED,-933.2315324846261,4.890580765826071e-9,0.004804413113250661,0,-1.0593130515358982,1.073988306566616,exact,
highpv,default,1.1,0.1,0.9,SOLVED,-921.0567506901394,2.3403717261914758e-8,0.017126443944920165,0,-1.3580199210189516,1.0947300198614527,exact,
highpv,default,1.1,0.1,1.0,SOLVED,-915.3280322882405,1.9654366925907652e-8,0.018908456668172455,0,-1.3907228431196974,1.0945352637507197,exact,
highpv,default,1.1,0.1,1.1,SOLVED,-909.8122016054683,1.216492961919613e-8,0.009024308497053778,0,-1.462482129954162,1.0945919360270018,exact,
highpv,default,1.1,0.1,1.2,SOLVED,-904.5863517231443,2.60140732843972e-8,0.011807544666515988,0,-1.5335103330357078,1.0943609730616664,exact,
highpv,default,1.1,0.1,1.4,SOLVED,-894.3764285647355,7.78735598228053e-9,0.005729284318751354,0,-1.6715904785910665,1.0942772400655207,exact,
highpv,default,1.1,0.1,1.6,SOLVED,-884.9692014430948,9.164455860855014e-10,0.0003567472234040656,0,-1.8167062579796678,1.0950073207968873,exact,
highpv,default,1.1,0.1,2.0,SOLVED,-868.0148764849723,4.874620707084887e-9,0.0009689390009064888,0,-2.0768076604388632,1.0939859406888244,exact,
highpv,default,1.1,0.15,0.3,SOLVED,-965.2755954459417,2.158637683961342e-8,0.02085662043153654,0,-0.3319188065036093,1.0202126466381018,exact,
highpv,default,1.1,0.15,0.5,SOLVED,-952.4187050283316,4.4402990652826074e-9,0.004067749847637284,0,-0.6767996482620389,1.0453358311193646,exact,
highpv,default,1.1,0.15,0.7,SOLVED,-939.8846373364987,6.0546488196353e-9,0.00493956184970716,0,-1.005614276368631,1.0688092988872184,exact,
highpv,default,1.1,0.15,0.9,SOLVED,-927.6375888003324,5.610191977211548e-9,0.004576960963316244,0,-1.322931216554028,1.0910652536622105,exact,
highpv,default,1.1,0.15,1.0,SOLVED,-921.7115620696454,1.1224641327522988e-8,0.00816374868600313,0,-1.3804961901931785,1.0945594404627532,exact,
highpv,default,1.1,0.15,1.1,SOLVED,-916.128562658112,8.558888466448505e-9,0.006982593317431069,0,-1.4470377638642875,1.0941108082115871,exact,
highpv,default,1.1,0.15,1.2,SOLVED,-910.7017627195828,1.1016242362771322e-8,0.005848372818175034,0,-1.519251562914995,1.0943551219504193,exact,
highpv,default,1.1,0.15,1.4,SOLVED,-900.4121051760684,1.0582223541888425e-8,0.005424366325729552,0,-1.6567261027309421,1.093840418192885,exact,
highpv,default,1.1,0.15,1.6,SOLVED,-890.6830017000841,3.633088097032555e-8,0.023457621088331333,0,-1.7993945884785618,1.0948865316353902,exact,
highpv,default,1.1,0.15,2.0,FAILED:ErrorException,NaN,NaN,NaN,-1,NaN,NaN,guard,"Battery complementarity violated at bus 3, t=14: p_ch·p_dch = 2.6918667345155958e-5 ≥ τ·Pmax² = 1.0000000000000003e-5 (relative τ=0.001, Pmax≈0.1; App. C, threat T-03-13)"
highpv,default,1.1,0.2,0.3,SOLVED,-972.1423234391596,1.6129689623224988e-8,0.015493557093627854,0,-0.2737329157420458,1.0144550334364772,exact,
highpv,default,1.1,0.2,0.5,SOLVED,-959.2016318268833,2.7761068008193973e-9,0.002590999604032516,0,-0.6208291930890757,1.0398638807128044,exact,
highpv,default,1.1,0.2,0.7,SOLVED,-946.5907639748284,5.153813709135591e-9,0.004364000380133054,0,-0.9515516568155772,1.0635810904770326,exact,
highpv,default,1.1,0.2,0.9,SOLVED,-934.2727732341222,8.209549526294602e-9,0.005292462584290829,0,-1.2706501395842338,1.0860575393391119,exact,
highpv,default,1.1,0.2,1.0,SOLVED,-928.2280190482592,5.18416348738171e-9,0.0034058455820016108,0,-1.3941998059401728,1.094410147560644,exact,
highpv,default,1.1,0.2,1.1,SOLVED,-922.5323901105396,1.1077919359614441e-8,0.003943040951859275,0,-1.4332494084215328,1.0941544411553605,exact,
highpv,default,1.1,0.2,1.2,SOLVED,-916.9770257790699,8.841162468797847e-9,0.0011883393527732235,0,-1.503294083292014,1.0941504192737868,exact,
highpv,default,1.1,0.2,1.4,SOLVED,-906.5248404942788,1.1066858540687008e-8,0.0031440031850307384,0,-1.6432320268105183,1.093610055803423,exact,
highpv,default,1.1,0.2,1.6,SOLVED,-896.5025787228295,2.275607258184209e-9,0.0004210451918022014,0,-1.7817645367296286,1.0947594572077277,exact,
highpv,default,1.1,0.2,2.0,SOLVED,-878.7346459051208,1.8486529640426852e-8,0.0069821148328113175,0,-2.0483795953222104,1.0940379151009796,exact,
highpv,default,1.1,0.3,0.3,SOLVED,-986.2772382397293,2.0149281248701967e-8,0.012155132190914334,0,-0.14653483660590316,1.0017995266167854,exact,
highpv,default,1.1,0.3,0.5,SOLVED,-973.1435638878122,1.765127875797117e-8,0.016177116793956472,0,-0.4989566836647764,1.027893263807795,exact,
highpv,default,1.1,0.3,0.7,SOLVED,-960.3602930356994,1.6711351186540768e-8,0.014065863911174706,0,-0.8347910817731466,1.05224390234855,exact,
highpv,default,1.1,0.3,0.9,SOLVED,-947.8842137828693,5.325966726671405e-9,0.004795966972640723,0,-1.157787238407741,1.0752097297960899,exact,
highpv,default,1.1,0.3,1.0,SOLVED,-941.7538890305348,7.4128479548261905e-9,0.0065266942364984384,0,-1.315228527045011,1.0862576083737212,exact,
highpv,default,1.1,0.3,1.1,SOLVED,-935.7082495480547,4.210764738190459e-9,0.003584671446850922,0,-1.4314935906994857,1.0940685372168029,exact,
highpv,default,1.1,0.3,1.2,SOLVED,-930.0290254388391,9.767734843180165e-9,0.0011528656147604842,0,-1.4752610039775167,1.0937516259290814,exact,
highpv,default,1.1,0.3,1.4,SOLVED,-919.0249554417821,1.3992505376592135e-8,0.004251521124560797,0,-1.6151366665460818,1.0936313249310858,exact,
highpv,default,1.1,0.3,1.6,SOLVED,-908.7591063553647,1.8041911409305555e-8,0.007514887666227674,0,-1.7507612880266459,1.0927855999014737,exact,
highpv,default,1.1,0.3,2.0,SOLVED,-890.0542095653528,6.965071364106734e-8,0.014213920050778227,0,-2.0237129184137044,1.0941498336423268,exact,
highpv,default,1.1,0.4,0.3,FAILED:ErrorException,NaN,NaN,NaN,-1,NaN,NaN,infeasible,Solve failed — refusing to trust results: |   termination_status : INFEASIBLE |   primal_status      : INFEASIBLE_POINT |   dual_status        : INFEASIBILITY_CERTIFICATE |   raw_status         : PRIMAL_INFEA
highpv,default,1.1,0.4,0.5,FAILED:ErrorException,NaN,NaN,NaN,-1,NaN,NaN,infeasible,Solve failed — refusing to trust results: |   termination_status : INFEASIBLE |   primal_status      : INFEASIBLE_POINT |   dual_status        : INFEASIBILITY_CERTIFICATE |   raw_status         : PRIMAL_INFEA
highpv,default,1.1,0.4,0.7,FAILED:ErrorException,NaN,NaN,NaN,-1,NaN,NaN,infeasible,Solve failed — refusing to trust results: |   termination_status : INFEASIBLE |   primal_status      : INFEASIBLE_POINT |   dual_status        : INFEASIBILITY_CERTIFICATE |   raw_status         : PRIMAL_INFEA
highpv,default,1.1,0.4,0.9,FAILED:ErrorException,NaN,NaN,NaN,-1,NaN,NaN,infeasible,Solve failed — refusing to trust results: |   termination_status : INFEASIBLE |   primal_status      : INFEASIBLE_POINT |   dual_status        : INFEASIBILITY_CERTIFICATE |   raw_status         : PRIMAL_INFEA
highpv,default,1.1,0.4,1.0,FAILED:ErrorException,NaN,NaN,NaN,-1,NaN,NaN,infeasible,Solve failed — refusing to trust results: |   termination_status : INFEASIBLE |   primal_status      : INFEASIBLE_POINT |   dual_status        : INFEASIBILITY_CERTIFICATE |   raw_status         : PRIMAL_INFEA
highpv,default,1.1,0.4,1.1,FAILED:ErrorException,NaN,NaN,NaN,-1,NaN,NaN,infeasible,Solve failed — refusing to trust results: |   termination_status : INFEASIBLE |   primal_status      : INFEASIBLE_POINT |   dual_status        : INFEASIBILITY_CERTIFICATE |   raw_status         : PRIMAL_INFEA
highpv,default,1.1,0.4,1.2,FAILED:ErrorException,NaN,NaN,NaN,-1,NaN,NaN,infeasible,Solve failed — refusing to trust results: |   termination_status : INFEASIBLE |   primal_status      : INFEASIBLE_POINT |   dual_status        : INFEASIBILITY_CERTIFICATE |   raw_status         : PRIMAL_INFEA
highpv,default,1.1,0.4,1.4,FAILED:ErrorException,NaN,NaN,NaN,-1,NaN,NaN,infeasible,Solve failed — refusing to trust results: |   termination_status : INFEASIBLE |   primal_status      : INFEASIBLE_POINT |   dual_status        : INFEASIBILITY_CERTIFICATE |   raw_status         : PRIMAL_INFEA
highpv,default,1.1,0.4,1.6,FAILED:ErrorException,NaN,NaN,NaN,-1,NaN,NaN,infeasible,Solve failed — refusing to trust results: |   termination_status : INFEASIBLE |   primal_status      : INFEASIBLE_POINT |   dual_status        : INFEASIBILITY_CERTIFICATE |   raw_status         : PRIMAL_INFEA
highpv,default,1.1,0.4,2.0,FAILED:ErrorException,NaN,NaN,NaN,-1,NaN,NaN,infeasible,Solve failed — refusing to trust results: |   termination_status : INFEASIBLE |   primal_status      : INFEASIBLE_POINT |   dual_status        : INFEASIBILITY_CERTIFICATE |   raw_status         : PRIMAL_INFEA
highpv,thesis_literal,1.05,0.1,0.3,SOLVED,-958.4661253235126,8.769302798240092e-9,0.007971175273930105,0,-0.3896521615665621,1.0259068596201084,exact,
highpv,thesis_literal,1.05,0.1,0.5,SOLVED,-945.6915796069408,1.4358819943704852e-8,0.01407649078169619,1,-0.7230005284112623,1.0499999983041517,exact,
highpv,thesis_literal,1.05,0.1,0.7,SOLVED,-934.0654956809849,7.711262924037232e-8,0.011490924152878263,2,-0.832923871233319,1.049999999864459,exact,
highpv,thesis_literal,1.05,0.1,0.9,SOLVED,-923.8232454607477,4.609390064080898e-9,0.0007827342560472916,4,-0.9993403070888782,1.0499999999935028,exact,
highpv,thesis_literal,1.05,0.1,1.0,SOLVED,-919.1299455388815,1.2778938462965073e-8,0.0015702118560253036,5,-1.0802270425073195,1.049999999989474,exact,
highpv,thesis_literal,1.05,0.1,1.1,FAILED:ErrorException,NaN,NaN,NaN,-1,NaN,NaN,guard,"Battery complementarity violated at bus 3, t=14: p_ch·p_dch = 1.5911054878384423e-5 ≥ τ·Pmax² = 1.0000000000000003e-5 (relative τ=0.001, Pmax≈0.1; App. C, threat T-03-13)"
highpv,thesis_literal,1.05,0.1,1.2,SOLVED,-910.2704054720008,2.9522924244185234e-8,0.013175146546280618,7,-1.2375279981620282,1.0499999999740168,exact,
highpv,thesis_literal,1.05,0.1,1.4,FAILED:ErrorException,NaN,NaN,NaN,-1,NaN,NaN,guard,"Battery complementarity violated at bus 2, t=9: p_ch·p_dch = 1.1458121873971455e-5 ≥ τ·Pmax² = 1.0000000000000003e-5 (relative τ=0.001, Pmax≈0.1; App. C, threat T-03-13)"
highpv,thesis_literal,1.05,0.1,1.6,FAILED:ErrorException,NaN,NaN,NaN,-1,NaN,NaN,guard,"Battery complementarity violated at bus 2, t=13: p_ch·p_dch = 1.9324187213596584e-5 ≥ τ·Pmax² = 1.0000000000000003e-5 (relative τ=0.001, Pmax≈0.1; App. C, threat T-03-13)"
highpv,thesis_literal,1.05,0.1,2.0,FAILED:ErrorException,NaN,NaN,NaN,-1,NaN,NaN,guard,"Battery complementarity violated at bus 2, t=8: p_ch·p_dch = 2.2221998377663232e-5 ≥ τ·Pmax² = 1.0000000000000003e-5 (relative τ=0.001, Pmax≈0.1; App. C, threat T-03-13)"
highpv,thesis_literal,1.05,0.15,0.3,SOLVED,-965.2755940902447,5.189778832809938e-9,0.0045309730028681525,0,-0.3319234938393109,1.0202129135358788,exact,
highpv,thesis_literal,1.05,0.15,0.5,SOLVED,-952.4187053718159,9.434015059168327e-9,0.00769654679839035,0,-0.6768006423858142,1.0453358796004042,exact,
highpv,thesis_literal,1.05,0.15,0.7,SOLVED,-940.3776761809889,5.684763171309726e-8,0.01220048653929798,2,-0.8157364336282985,1.0499999998156497,exact,
highpv,thesis_literal,1.05,0.15,0.9,SOLVED,-929.6832864708502,8.974739135192422e-8,0.03054916026320836,4,-0.977532262463436,1.04999999978526,exact,
highpv,thesis_literal,1.05,0.15,1.0,SOLVED,-924.8490807725124,1.3413034405385105e-7,0.01730388512780244,5,-1.0614061914216224,1.0499999998321656,exact,
highpv,thesis_literal,1.05,0.15,1.1,SOLVED,-920.1833774456007,1.610792883244283e-7,0.023101513835741962,5,-1.1411130970199506,1.0499999998536704,exact,
highpv,thesis_literal,1.05,0.15,1.2,SOLVED,-915.6747250052963,5.7120530277954273e-8,0.033436028855008175,6,-1.2192754364643548,1.0499999999477885,exact,
highpv,thesis_literal,1.05,0.15,1.4,SOLVED,-907.173877697353,2.424617036105045,9872.394052183807,10,-1.3708886308117503,1.0499999998871525,inexact,
highpv,thesis_literal,1.05,0.15,1.6,SOLVED,-899.3652033025105,5.066600964140043,9856.571227106926,11,-1.5263621656381425,1.0499999999751235,inexact,
highpv,thesis_literal,1.05,0.15,2.0,FAILED:ErrorException,NaN,NaN,NaN,-1,NaN,NaN,guard,"Battery complementarity violated at bus 2, t=8: p_ch·p_dch = 2.329868796426884e-5 ≥ τ·Pmax² = 1.0000000000000003e-5 (relative τ=0.001, Pmax≈0.1; App. C, threat T-03-13)"
highpv,thesis_literal,1.05,0.2,0.3,SOLVED,-972.1423239990245,1.5665198856845697e-8,0.014651148039213342,0,-0.2737310119170024,1.0144549213072884,exact,
highpv,thesis_literal,1.05,0.2,0.5,SOLVED,-959.2016320113539,4.78083640037541e-9,0.002939122903675106,0,-0.6208295180682082,1.0398638967307035,exact,
highpv,thesis_literal,1.05,0.2,0.7,SOLVED,-946.8777602077065,7.49280123224505e-8,0.01253505233826226,1,-0.7995697320201357,1.0499999998319598,exact,
highpv,thesis_literal,1.05,0.2,0.9,SOLVED,-935.7519440292328,4.30909397608481e-8,0.008328950863095024,4,-0.9577020371114069,1.0499999999204024,exact,
highpv,thesis_literal,1.05,0.2,1.0,SOLVED,-930.6882315092643,6.568813953888863e-8,0.014105663247864678,4,-1.0429560105237945,1.0499999998710512,exact,
highpv,thesis_literal,1.05,0.2,1.1,SOLVED,-925.9168919296129,1.3411261778895067e-7,0.01639394280706536,5,-1.122083169533044,1.0499999998433074,exact,
highpv,thesis_literal,1.05,0.2,1.2,SOLVED,-921.2769977939058,9.052611299464886e-9,0.0020628648762518686,5,-1.2016316421176192,1.0499999999918013,exact,
highpv,thesis_literal,1.05,0.2,1.4,SOLVED,-912.4456573385744,1.4794430661571119,9846.705565553772,8,-1.3568733102502366,1.0499999999487408,inexact,
highpv,thesis_literal,1.05,0.2,1.6,FAILED:ErrorException,NaN,NaN,NaN,-1,NaN,NaN,guard,"Battery complementarity violated at bus 2, t=13: p_ch·p_dch = 1.3168463198010382e-5 ≥ τ·Pmax² = 1.0000000000000003e-5 (relative τ=0.001, Pmax≈0.1; App. C, threat T-03-13)"
highpv,thesis_literal,1.05,0.2,2.0,FAILED:ErrorException,NaN,NaN,NaN,-1,NaN,NaN,guard,"Battery complementarity violated at bus 2, t=8: p_ch·p_dch = 2.3183626008350858e-5 ≥ τ·Pmax² = 1.0000000000000003e-5 (relative τ=0.001, Pmax≈0.1; App. C, threat T-03-13)"
highpv,thesis_literal,1.05,0.3,0.3,SOLVED,-986.5680810977163,3.046194535852309e-8,0.02471072478474361,0,-0.1330790722497688,1.0009459940788816,exact,
highpv,thesis_literal,1.05,0.3,0.5,SOLVED,-973.4128225078618,1.6888509361172657e-8,0.015317613825172407,0,-0.4860811512650486,1.027094325643343,exact,
highpv,thesis_literal,1.05,0.3,0.7,SOLVED,-960.6170792185186,3.521636871006706e-9,0.002377762917257971,1,-0.8041052721032741,1.0499999998987468,exact,
highpv,thesis_literal,1.05,0.3,0.9,SOLVED,-948.8141254864498,2.4456642822023866e-9,0.00048222284206397045,2,-0.9184960520737917,1.0499999999932867,exact,
highpv,thesis_literal,1.05,0.3,1.0,SOLVED,-943.2730959483338,2.118376621340623e-8,0.0043565154051394914,2,-0.9974626547533633,1.0499999999607432,exact,
highpv,thesis_literal,1.05,0.3,1.1,SOLVED,-938.0005209054931,7.043301866738183e-8,0.008641976612240896,4,-1.0772757773393031,1.0499999998697225,exact,
highpv,thesis_literal,1.05,0.3,1.2,SOLVED,-933.1398946599417,1.0169873612686509e-7,0.008628021747516588,4,-1.1624422393282938,1.04999999986848,exact,
highpv,thesis_literal,1.05,0.3,1.4,SOLVED,-923.8089460567791,1.8583397629057252e-7,0.08487246332890395,6,-1.3165207820381402,1.0499999998349525,exact,
highpv,thesis_literal,1.05,0.3,1.6,SOLVED,-915.1914456725855,2.2206804248363854,9840.688015932767,7,-1.4605372954768623,1.0499999998919118,inexact,
highpv,thesis_literal,1.05,0.3,2.0,FAILED:ErrorException,NaN,NaN,NaN,-1,NaN,NaN,guard,"Battery complementarity violated at bus 2, t=9: p_ch·p_dch = 1.7117819606135265e-5 ≥ τ·Pmax² = 1.0000000000000003e-5 (relative τ=0.001, Pmax≈0.1; App. C, threat T-03-13)"
highpv,thesis_literal,1.05,0.4,0.3,FAILED:ErrorException,NaN,NaN,NaN,-1,NaN,NaN,infeasible,Solve failed — refusing to trust results: |   termination_status : INFEASIBLE |   primal_status      : INFEASIBLE_POINT |   dual_status        : INFEASIBILITY_CERTIFICATE |   raw_status         : PRIMAL_INFEA
highpv,thesis_literal,1.05,0.4,0.5,FAILED:ErrorException,NaN,NaN,NaN,-1,NaN,NaN,infeasible,Solve failed — refusing to trust results: |   termination_status : INFEASIBLE |   primal_status      : INFEASIBLE_POINT |   dual_status        : INFEASIBILITY_CERTIFICATE |   raw_status         : PRIMAL_INFEA
highpv,thesis_literal,1.05,0.4,0.7,FAILED:ErrorException,NaN,NaN,NaN,-1,NaN,NaN,infeasible,Solve failed — refusing to trust results: |   termination_status : INFEASIBLE |   primal_status      : INFEASIBLE_POINT |   dual_status        : INFEASIBILITY_CERTIFICATE |   raw_status         : PRIMAL_INFEA
highpv,thesis_literal,1.05,0.4,0.9,FAILED:ErrorException,NaN,NaN,NaN,-1,NaN,NaN,infeasible,Solve failed — refusing to trust results: |   termination_status : INFEASIBLE |   primal_status      : INFEASIBLE_POINT |   dual_status        : INFEASIBILITY_CERTIFICATE |   raw_status         : PRIMAL_INFEA
highpv,thesis_literal,1.05,0.4,1.0,FAILED:ErrorException,NaN,NaN,NaN,-1,NaN,NaN,infeasible,Solve failed — refusing to trust results: |   termination_status : INFEASIBLE |   primal_status      : INFEASIBLE_POINT |   dual_status        : INFEASIBILITY_CERTIFICATE |   raw_status         : PRIMAL_INFEA
highpv,thesis_literal,1.05,0.4,1.1,FAILED:ErrorException,NaN,NaN,NaN,-1,NaN,NaN,infeasible,Solve failed — refusing to trust results: |   termination_status : INFEASIBLE |   primal_status      : INFEASIBLE_POINT |   dual_status        : INFEASIBILITY_CERTIFICATE |   raw_status         : PRIMAL_INFEA
highpv,thesis_literal,1.05,0.4,1.2,FAILED:ErrorException,NaN,NaN,NaN,-1,NaN,NaN,infeasible,Solve failed — refusing to trust results: |   termination_status : INFEASIBLE |   primal_status      : INFEASIBLE_POINT |   dual_status        : INFEASIBILITY_CERTIFICATE |   raw_status         : PRIMAL_INFEA
highpv,thesis_literal,1.05,0.4,1.4,FAILED:ErrorException,NaN,NaN,NaN,-1,NaN,NaN,infeasible,Solve failed — refusing to trust results: |   termination_status : INFEASIBLE |   primal_status      : INFEASIBLE_POINT |   dual_status        : INFEASIBILITY_CERTIFICATE |   raw_status         : PRIMAL_INFEA
highpv,thesis_literal,1.05,0.4,1.6,FAILED:ErrorException,NaN,NaN,NaN,-1,NaN,NaN,infeasible,Solve failed — refusing to trust results: |   termination_status : INFEASIBLE |   primal_status      : INFEASIBLE_POINT |   dual_status        : INFEASIBILITY_CERTIFICATE |   raw_status         : PRIMAL_INFEA
highpv,thesis_literal,1.05,0.4,2.0,FAILED:ErrorException,NaN,NaN,NaN,-1,NaN,NaN,infeasible,Solve failed — refusing to trust results: |   termination_status : INFEASIBLE |   primal_status      : INFEASIBLE_POINT |   dual_status        : INFEASIBILITY_CERTIFICATE |   raw_status         : PRIMAL_INFEA
highpv,thesis_literal,1.075,0.1,0.3,SOLVED,-958.4661253001149,1.0518771366733667e-8,0.009561416543146841,0,-0.38965293222757513,1.02590689748648,exact,
highpv,thesis_literal,1.075,0.1,0.5,SOLVED,-945.6907505274163,1.1689051133273454e-8,0.010948860763163084,0,-0.7323679932968684,1.0507523885615604,exact,
highpv,thesis_literal,1.075,0.1,0.7,SOLVED,-933.2315324672777,4.802622464430625e-9,0.004718004646301025,0,-1.05931297735889,1.073988302149323,exact,
highpv,thesis_literal,1.075,0.1,0.9,SOLVED,-921.6646867733068,7.064746621043838e-9,0.001736408115531203,2,-1.1715743772621432,1.0749999999851128,exact,
highpv,thesis_literal,1.075,0.1,1.0,SOLVED,-916.3297467878425,9.61312401903669e-9,0.0021949611566951252,2,-1.2478843377009632,1.0749999999820503,exact,
highpv,thesis_literal,1.075,0.1,1.1,SOLVED,-911.0850189292652,1.4647200952122574e-8,0.003148186185476286,3,-1.3231268385905857,1.0749999999712794,exact,
highpv,thesis_literal,1.075,0.1,1.2,SOLVED,-906.0804992067013,2.8509113569885614e-8,0.006187979761468281,4,-1.4046421936853741,1.0749999999471722,exact,
highpv,thesis_literal,1.075,0.1,1.4,SOLVED,-896.7712247908553,2.191349501856621e-8,0.0023032560307215304,5,-1.558481319867174,1.0749999999819906,exact,
highpv,thesis_literal,1.075,0.1,1.6,SOLVED,-888.0051160483952,2.0776330689198375e-7,0.03504386853613834,6,-1.7097891126358733,1.074999999830406,exact,
highpv,thesis_literal,1.075,0.1,2.0,FAILED:ErrorException,NaN,NaN,NaN,-1,NaN,NaN,guard,"Battery complementarity violated at bus 2, t=9: p_ch·p_dch = 1.7537991911473536e-5 ≥ τ·Pmax² = 1.0000000000000003e-5 (relative τ=0.001, Pmax≈0.1; App. C, threat T-03-13)"
highpv,thesis_literal,1.075,0.15,0.3,SOLVED,-965.2755958708779,2.3300762042044454e-8,0.021756445047212077,0,-0.3319171186289571,1.020212549610761,exact,
highpv,thesis_literal,1.075,0.15,0.5,SOLVED,-952.4187052289135,8.21267718371585e-9,0.006700144125802497,0,-0.6768002851916506,1.045335863853054,exact,
highpv,thesis_literal,1.075,0.15,0.7,SOLVED,-939.8846373462865,6.47011187075025e-9,0.0052785087333179015,0,-1.0056142442588265,1.0688092941662521,exact,
highpv,thesis_literal,1.075,0.15,0.9,SOLVED,-928.0267707383576,4.03633410028803e-9,0.0015546334964832828,1,-1.1551733971556064,1.074999999988976,exact,
highpv,thesis_literal,1.075,0.15,1.0,SOLVED,-922.4908666961707,4.462214764355821e-9,0.0017108851052212218,2,-1.2330157930829821,1.0749999999885336,exact,
highpv,thesis_literal,1.075,0.15,1.1,SOLVED,-917.2070714469388,5.029123339994612e-9,0.002768153954561929,2,-1.3078998489842297,1.0749999999876192,exact,
highpv,thesis_literal,1.075,0.15,1.2,SOLVED,-912.007729696634,2.8119742312426865e-8,0.0063260125960408016,4,-1.383812891554873,1.074999999938505,exact,
highpv,thesis_literal,1.075,0.15,1.4,SOLVED,-902.4605379191598,5.340357100980242e-8,0.009626597413519141,4,-1.5419772262462792,1.0749999999210829,exact,
highpv,thesis_literal,1.075,0.15,1.6,SOLVED,-893.4416499746508,1.8161820930506778e-7,0.027380606198688377,6,-1.6928981305400268,1.0749999998184876,exact,
highpv,thesis_literal,1.075,0.15,2.0,FAILED:ErrorException,NaN,NaN,NaN,-1,NaN,NaN,guard,"Battery complementarity violated at bus 2, t=13: p_ch·p_dch = 1.3914864174393426e-5 ≥ τ·Pmax² = 1.0000000000000003e-5 (relative τ=0.001, Pmax≈0.1; App. C, threat T-03-13)"
highpv,thesis_literal,1.075,0.2,0.3,SOLVED,-972.1423236311564,1.4961126418419537e-8,0.014371083682193173,0,-0.27373201497445143,1.0144549839153978,exact,
highpv,thesis_literal,1.075,0.2,0.5,SOLVED,-959.2016319338148,3.6075286646841676e-9,0.0028290462570411826,0,-0.6208294341009023,1.0398638937366678,exact,
highpv,thesis_literal,1.075,0.2,0.7,SOLVED,-946.5907639372269,4.674264704896541e-9,0.004038153988868177,0,-0.9515516456090538,1.0635810912645118,exact,
highpv,thesis_literal,1.075,0.2,0.9,SOLVED,-934.4894717349573,1.0812220285760787e-7,0.016108864299704276,1,-1.1407367652684037,1.0749999997853932,exact,
highpv,thesis_literal,1.075,0.2,1.0,SOLVED,-928.811641965563,4.594806535251905e-9,0.0006722292088060266,2,-1.2162680785177438,1.0749999999868474,exact,
highpv,thesis_literal,1.075,0.2,1.1,SOLVED,-923.3881559878564,9.171407355790251e-9,0.0017270632779376686,2,-1.2936393138605684,1.0749999999740294,exact,
highpv,thesis_literal,1.075,0.2,1.2,SOLVED,-918.1265621331295,7.943942503807477e-9,0.0032321288310762936,2,-1.3675774710472985,1.0749999999830697,exact,
highpv,thesis_literal,1.075,0.2,1.4,SOLVED,-908.2224608242661,3.73412629706138e-8,0.007463401825028417,4,-1.5268320238040525,1.0749999999307591,exact,
highpv,thesis_literal,1.075,0.2,1.6,SOLVED,-899.0343540077454,1.7039937921792259e-7,0.017310065376602568,5,-1.6756212469367955,1.0749999998344075,exact,
highpv,thesis_literal,1.075,0.2,2.0,SOLVED,-882.0254259415549,1.1124747820371796,9727.037722532936,8,-1.9616134838663244,1.0749999998404498,inexact,
highpv,thesis_literal,1.075,0.3,0.3,SOLVED,-986.5680793382056,4.707190161745353e-9,0.0040790177378563185,0,-0.13308459277727688,1.0009462620620013,exact,
highpv,thesis_literal,1.075,0.3,0.5,SOLVED,-973.4128225494467,1.828451188742343e-8,0.01658376431725761,0,-0.48608080088019623,1.0270942991358147,exact,
highpv,thesis_literal,1.075,0.3,0.7,SOLVED,-960.613320192303,2.217885526373687e-8,0.02038546825100138,0,-0.8238264073163032,1.0515804560607112,exact,
highpv,thesis_literal,1.075,0.3,0.9,SOLVED,-948.1247158824822,1.1026639601396937e-9,0.0007814057074876971,0,-1.147181781462527,1.0745831091636542,exact,
highpv,thesis_literal,1.075,0.3,1.0,SOLVED,-942.2061496979288,8.09460807826845e-8,0.01619656489420312,1,-1.181891968395317,1.074999999841321,exact,
highpv,thesis_literal,1.075,0.3,1.1,SOLVED,-936.5092822394894,2.9992309746873502e-9,0.001066352099044061,1,-1.256569854998244,1.0749999999929094,exact,
highpv,thesis_literal,1.075,0.3,1.2,SOLVED,-930.9267946272626,3.489267275114116e-8,0.004758326054991298,2,-1.3329425275473867,1.074999999926149,exact,
highpv,thesis_literal,1.075,0.3,1.4,SOLVED,-920.4117729017337,1.9779241300366124e-8,0.004022822889407907,3,-1.481907948202095,1.0749999999587785,exact,
highpv,thesis_literal,1.075,0.3,1.6,SOLVED,-910.7973241363778,1.5252951035549245e-7,0.010151479595105574,4,-1.6398168185997486,1.0749999998324058,exact,
highpv,thesis_literal,1.075,0.3,2.0,SOLVED,-892.9540019412215,6.519139422733744e-8,0.0015464985904243055,6,-1.9215619553283487,1.0749999999859363,exact,
highpv,thesis_literal,1.075,0.4,0.3,FAILED:ErrorException,NaN,NaN,NaN,-1,NaN,NaN,infeasible,Solve failed — refusing to trust results: |   termination_status : INFEASIBLE |   primal_status      : INFEASIBLE_POINT |   dual_status        : INFEASIBILITY_CERTIFICATE |   raw_status         : PRIMAL_INFEA
highpv,thesis_literal,1.075,0.4,0.5,FAILED:ErrorException,NaN,NaN,NaN,-1,NaN,NaN,infeasible,Solve failed — refusing to trust results: |   termination_status : INFEASIBLE |   primal_status      : INFEASIBLE_POINT |   dual_status        : INFEASIBILITY_CERTIFICATE |   raw_status         : PRIMAL_INFEA
highpv,thesis_literal,1.075,0.4,0.7,FAILED:ErrorException,NaN,NaN,NaN,-1,NaN,NaN,infeasible,Solve failed — refusing to trust results: |   termination_status : INFEASIBLE |   primal_status      : INFEASIBLE_POINT |   dual_status        : INFEASIBILITY_CERTIFICATE |   raw_status         : PRIMAL_INFEA
highpv,thesis_literal,1.075,0.4,0.9,FAILED:ErrorException,NaN,NaN,NaN,-1,NaN,NaN,infeasible,Solve failed — refusing to trust results: |   termination_status : INFEASIBLE |   primal_status      : INFEASIBLE_POINT |   dual_status        : INFEASIBILITY_CERTIFICATE |   raw_status         : PRIMAL_INFEA
highpv,thesis_literal,1.075,0.4,1.0,FAILED:ErrorException,NaN,NaN,NaN,-1,NaN,NaN,infeasible,Solve failed — refusing to trust results: |   termination_status : INFEASIBLE |   primal_status      : INFEASIBLE_POINT |   dual_status        : INFEASIBILITY_CERTIFICATE |   raw_status         : PRIMAL_INFEA
highpv,thesis_literal,1.075,0.4,1.1,FAILED:ErrorException,NaN,NaN,NaN,-1,NaN,NaN,infeasible,Solve failed — refusing to trust results: |   termination_status : INFEASIBLE |   primal_status      : INFEASIBLE_POINT |   dual_status        : INFEASIBILITY_CERTIFICATE |   raw_status         : PRIMAL_INFEA
highpv,thesis_literal,1.075,0.4,1.2,FAILED:ErrorException,NaN,NaN,NaN,-1,NaN,NaN,infeasible,Solve failed — refusing to trust results: |   termination_status : INFEASIBLE |   primal_status      : INFEASIBLE_POINT |   dual_status        : INFEASIBILITY_CERTIFICATE |   raw_status         : PRIMAL_INFEA
highpv,thesis_literal,1.075,0.4,1.4,FAILED:ErrorException,NaN,NaN,NaN,-1,NaN,NaN,infeasible,Solve failed — refusing to trust results: |   termination_status : INFEASIBLE |   primal_status      : INFEASIBLE_POINT |   dual_status        : INFEASIBILITY_CERTIFICATE |   raw_status         : PRIMAL_INFEA
highpv,thesis_literal,1.075,0.4,1.6,FAILED:ErrorException,NaN,NaN,NaN,-1,NaN,NaN,infeasible,Solve failed — refusing to trust results: |   termination_status : INFEASIBLE |   primal_status      : INFEASIBLE_POINT |   dual_status        : INFEASIBILITY_CERTIFICATE |   raw_status         : PRIMAL_INFEA
highpv,thesis_literal,1.075,0.4,2.0,FAILED:ErrorException,NaN,NaN,NaN,-1,NaN,NaN,infeasible,Solve failed — refusing to trust results: |   termination_status : INFEASIBLE |   primal_status      : INFEASIBLE_POINT |   dual_status        : INFEASIBILITY_CERTIFICATE |   raw_status         : PRIMAL_INFEA
highpv,thesis_literal,1.1,0.1,0.3,SOLVED,-958.4661272861969,5.7788567978632466e-8,0.05252877630286858,0,-0.389645030213797,1.0259064233792727,exact,
highpv,thesis_literal,1.1,0.1,0.5,SOLVED,-945.6907502220056,6.589226018982597e-9,0.005650209188419991,0,-0.7323671126582153,1.050752355568567,exact,
highpv,thesis_literal,1.1,0.1,0.7,SOLVED,-933.2315324943513,4.594386148219429e-9,0.004513437357371013,0,-1.0593131259249369,1.0739883106686614,exact,
highpv,thesis_literal,1.1,0.1,0.9,SOLVED,-921.053732807233,2.175573429047395e-8,0.0155160102076106,0,-1.3748738489056958,1.0960281916630235,exact,
highpv,thesis_literal,1.1,0.1,1.0,SOLVED,-915.1464618866617,6.949575692694054e-9,0.0046122913010272285,1,-1.4423450870047128,1.0999999999354002,exact,
highpv,thesis_literal,1.1,0.1,1.1,SOLVED,-909.573141090575,4.090219740682244e-8,0.014778824218433205,1,-1.5079074718836682,1.0999999999064012,exact,
highpv,thesis_literal,1.1,0.1,1.2,SOLVED,-904.1815963366342,1.0434507724532693e-7,0.01751136429192831,2,-1.5842875755475907,1.0999999997698586,exact,
highpv,thesis_literal,1.1,0.1,1.4,SOLVED,-893.8777031414023,4.438583778298977e-8,0.007069557625441953,2,-1.7292478759146535,1.0999999999036023,exact,
highpv,thesis_literal,1.1,0.1,1.6,SOLVED,-884.0433269826158,9.523454802540243e-9,0.0018099902769474925,4,-1.8808324340510203,1.099999999986958,exact,
highpv,thesis_literal,1.1,0.1,2.0,FAILED:ErrorException,NaN,NaN,NaN,-1,NaN,NaN,guard,"Battery complementarity violated at bus 2, t=14: p_ch·p_dch = 1.1434451559967969e-5 ≥ τ·Pmax² = 1.0000000000000003e-5 (relative τ=0.001, Pmax≈0.1; App. C, threat T-03-13)"
highpv,thesis_literal,1.1,0.15,0.3,SOLVED,-965.2755952927982,2.5173013153243114e-8,0.024321991876880184,0,-0.3319191996514817,1.0202126703016086,exact,
highpv,thesis_literal,1.1,0.15,0.5,SOLVED,-952.4187050884616,5.534233971917976e-9,0.005069901018172311,0,-0.6767997843391645,1.0453358371777106,exact,
highpv,thesis_literal,1.1,0.15,0.7,SOLVED,-939.8846373528199,6.585802743864361e-9,0.0053728927203576735,0,-1.005614289101117,1.0688092969573344,exact,
highpv,thesis_literal,1.1,0.15,0.9,SOLVED,-927.6375888360936,5.7367048186471314e-9,0.0046801738426239465,0,-1.3229312059025786,1.0910652518920945,exact,
highpv,thesis_literal,1.1,0.15,1.0,SOLVED,-921.621243887411,6.561317570426967e-9,0.005352917012490929,1,-1.4545245708263042,1.0999999997407137,exact,
highpv,thesis_literal,1.1,0.15,1.1,SOLVED,-915.9300021313651,2.372442842180078e-8,0.006891756310366736,1,-1.4938174728574012,1.0999999999487409,exact,
highpv,thesis_literal,1.1,0.15,1.2,SOLVED,-910.389727085327,1.3395635822810448e-8,0.005277036867422712,2,-1.5677507555558083,1.0999999999582917,exact,
highpv,thesis_literal,1.1,0.15,1.4,SOLVED,-899.9495568530614,3.540076110031265e-8,0.009266293749181058,2,-1.715379536207304,1.0999999999156762,exact,
highpv,thesis_literal,1.1,0.15,1.6,SOLVED,-889.851814672276,4.210940773852201e-8,0.009066487078635943,4,-1.8618211776095814,1.0999999999014967,exact,
highpv,thesis_literal,1.1,0.15,2.0,SOLVED,-871.732499767214,2.6180663081909472e-8,0.0037353983175202744,5,-2.157249091460762,1.0999999999701224,exact,
highpv,thesis_literal,1.1,0.2,0.3,SOLVED,-972.1423232558702,1.3889982574657924e-8,0.013342184678164242,0,-0.2737336306248019,1.0144550683265585,exact,
highpv,thesis_literal,1.1,0.2,0.5,SOLVED,-959.2016318204289,2.8632051633043984e-9,0.002672289537567082,0,-0.6208291214657332,1.039863876473096,exact,
highpv,thesis_literal,1.1,0.2,0.7,SOLVED,-946.5907639603417,4.909273485561444e-9,0.004241180923275478,0,-0.9515516613636321,1.0635810912152952,exact,
highpv,thesis_literal,1.1,0.2,0.9,SOLVED,-934.2727732645468,8.531574210990378e-9,0.005509426968364163,0,-1.2706500313542282,1.0860575293299706,exact,
highpv,thesis_literal,1.1,0.2,1.0,SOLVED,-928.2170570370785,5.552117432472414e-9,0.0038729997498270284,0,-1.4261586663138714,1.0968700752264717,exact,
highpv,thesis_literal,1.1,0.2,1.1,SOLVED,-922.3351120296405,5.1973198744725835e-8,0.007769361225026676,1,-1.4797072385911696,1.0999999998879373,exact,
highpv,thesis_literal,1.1,0.2,1.2,SOLVED,-916.7613723462199,2.7265203761395185e-8,0.003923410417295283,1,-1.5530093297777767,1.0999999999355141,exact,
highpv,thesis_literal,1.1,0.2,1.4,SOLVED,-906.0654039416742,4.990337620913721e-8,0.007680742180371262,2,-1.7014848583662512,1.0999999998824839,exact,
highpv,thesis_literal,1.1,0.2,1.6,SOLVED,-895.8424694788232,3.3208978567067504e-8,0.005219010617903943,3,-1.8456766316570443,1.099999999918296,exact,
highpv,thesis_literal,1.1,0.2,2.0,SOLVED,-877.3262079242606,1.2278990713099347e-8,0.0012943456588542382,5,-2.1392096665256295,1.0999999999868193,exact,
highpv,thesis_literal,1.1,0.3,0.3,SOLVED,-986.5680795623985,6.704593026596317e-9,0.0043941393815790765,0,-0.13308373242129706,1.0009462223236678,exact,
highpv,thesis_literal,1.1,0.3,0.5,SOLVED,-973.4128228458301,2.0238483974203275e-8,0.018355992941592635,0,-0.48608093149860865,1.0270943151177876,exact,
highpv,thesis_literal,1.1,0.3,0.7,SOLVED,-960.6133201351605,2.1848132191978377e-8,0.02008148762200706,0,-0.8238262117885325,1.051580440826513,exact,
highpv,thesis_literal,1.1,0.3,0.9,SOLVED,-948.1247158921832,1.0737175037967006e-9,0.0007375308576253169,0,-1.1471819432820547,1.074583121013102,exact,
highpv,thesis_literal,1.1,0.3,1.0,SOLVED,-941.9884405238133,5.8806164382474435e-9,0.0019204352358012076,0,-1.3047659200289783,1.0856454376152391,exact,
highpv,thesis_literal,1.1,0.3,1.1,SOLVED,-935.9208255201108,4.429799887583491e-9,0.003243698035933795,0,-1.4597581366275063,1.09643570901896,exact,
highpv,thesis_literal,1.1,0.3,1.2,SOLVED,-930.025887113445,1.0001843708806746e-7,0.018951621396620398,1,-1.5200346913531018,1.099999999749293,exact,
highpv,thesis_literal,1.1,0.3,1.4,SOLVED,-918.9024634316075,1.1859073278941423e-8,0.0014503210557471734,1,-1.665669482267616,1.099999999983039,exact,
highpv,thesis_literal,1.1,0.3,1.6,SOLVED,-908.4127668082347,3.427947259382336e-8,0.002264027730461976,2,-1.812515780634018,1.0999999999622136,exact,
highpv,thesis_literal,1.1,0.3,2.0,SOLVED,-888.9988345139595,3.4231996792755126e-8,0.002664831209356476,4,-2.1073326512805504,1.0999999999628651,exact,
highpv,thesis_literal,1.1,0.4,0.3,FAILED:ErrorException,NaN,NaN,NaN,-1,NaN,NaN,infeasible,Solve failed — refusing to trust results: |   termination_status : INFEASIBLE |   primal_status      : INFEASIBLE_POINT |   dual_status        : INFEASIBILITY_CERTIFICATE |   raw_status         : PRIMAL_INFEA
highpv,thesis_literal,1.1,0.4,0.5,FAILED:ErrorException,NaN,NaN,NaN,-1,NaN,NaN,infeasible,Solve failed — refusing to trust results: |   termination_status : INFEASIBLE |   primal_status      : INFEASIBLE_POINT |   dual_status        : INFEASIBILITY_CERTIFICATE |   raw_status         : PRIMAL_INFEA
highpv,thesis_literal,1.1,0.4,0.7,FAILED:ErrorException,NaN,NaN,NaN,-1,NaN,NaN,infeasible,Solve failed — refusing to trust results: |   termination_status : INFEASIBLE |   primal_status      : INFEASIBLE_POINT |   dual_status        : INFEASIBILITY_CERTIFICATE |   raw_status         : PRIMAL_INFEA
highpv,thesis_literal,1.1,0.4,0.9,FAILED:ErrorException,NaN,NaN,NaN,-1,NaN,NaN,infeasible,Solve failed — refusing to trust results: |   termination_status : INFEASIBLE |   primal_status      : INFEASIBLE_POINT |   dual_status        : INFEASIBILITY_CERTIFICATE |   raw_status         : PRIMAL_INFEA
highpv,thesis_literal,1.1,0.4,1.0,FAILED:ErrorException,NaN,NaN,NaN,-1,NaN,NaN,infeasible,Solve failed — refusing to trust results: |   termination_status : INFEASIBLE |   primal_status      : INFEASIBLE_POINT |   dual_status        : INFEASIBILITY_CERTIFICATE |   raw_status         : PRIMAL_INFEA
highpv,thesis_literal,1.1,0.4,1.1,FAILED:ErrorException,NaN,NaN,NaN,-1,NaN,NaN,infeasible,Solve failed — refusing to trust results: |   termination_status : INFEASIBLE |   primal_status      : INFEASIBLE_POINT |   dual_status        : INFEASIBILITY_CERTIFICATE |   raw_status         : PRIMAL_INFEA
highpv,thesis_literal,1.1,0.4,1.2,FAILED:ErrorException,NaN,NaN,NaN,-1,NaN,NaN,infeasible,Solve failed — refusing to trust results: |   termination_status : INFEASIBLE |   primal_status      : INFEASIBLE_POINT |   dual_status        : INFEASIBILITY_CERTIFICATE |   raw_status         : PRIMAL_INFEA
highpv,thesis_literal,1.1,0.4,1.4,FAILED:ErrorException,NaN,NaN,NaN,-1,NaN,NaN,infeasible,Solve failed — refusing to trust results: |   termination_status : INFEASIBLE |   primal_status      : INFEASIBLE_POINT |   dual_status        : INFEASIBILITY_CERTIFICATE |   raw_status         : PRIMAL_INFEA
highpv,thesis_literal,1.1,0.4,1.6,FAILED:ErrorException,NaN,NaN,NaN,-1,NaN,NaN,infeasible,Solve failed — refusing to trust results: |   termination_status : INFEASIBLE |   primal_status      : INFEASIBLE_POINT |   dual_status        : INFEASIBILITY_CERTIFICATE |   raw_status         : PRIMAL_INFEA
highpv,thesis_literal,1.1,0.4,2.0,FAILED:ErrorException,NaN,NaN,NaN,-1,NaN,NaN,infeasible,Solve failed — refusing to trust results: |   termination_status : INFEASIBLE |   primal_status      : INFEASIBLE_POINT |   dual_status        : INFEASIBILITY_CERTIFICATE |   raw_status         : PRIMAL_INFEA
