start,status,cost,Pg,Qg,P34,Q34,Vm1,Vm2,Vm3,Vm4,Vm5,Vm6,Va1_deg,Va2_deg,Va3_deg,Va4_deg,Va5_deg,Va6_deg
flat,LOCALLY_SOLVED,7461.1052,1.8328719,0.13381058,0.30486269,0.12926442,1.05,1.0212051,1.0140527,1.003538,0.98454314,0.97500018,0.0,-4.9480005,-5.9660419,-6.9231806,-7.2246416,-7.3977355
random_1,LOCALLY_SOLVED,7461.1052,1.8328719,0.13381058,0.30486269,0.12926442,1.05,1.0212051,1.0140527,1.003538,0.98454314,0.97500018,0.0,-4.9480005,-5.9660419,-6.9231806,-7.2246416,-7.3977355
random_2,LOCALLY_SOLVED,7461.1052,1.8328719,0.13381058,0.30486269,0.12926442,1.05,1.0212051,1.0140527,1.003538,0.98454314,0.97500018,0.0,-4.9480005,-5.9660419,-6.9231806,-7.2246416,-7.3977355
random_3,LOCALLY_SOLVED,7461.1052,1.8328719,0.13381058,0.30486269,0.12926442,1.05,1.0212051,1.0140527,1.003538,0.98454314,0.97500018,0.0,-4.9480005,-5.9660419,-6.9231806,-7.2246416,-7.3977355
random_4,LOCALLY_SOLVED,7461.1052,1.8328719,0.13381058,0.30486269,0.12926442,1.05,1.0212051,1.0140527,1.003538,0.98454314,0.97500018,0.0,-4.9480005,-5.9660419,-6.9231806,-7.2246416,-7.3977355
random_5,LOCALLY_SOLVED,7461.1052,1.8328719,0.13381058,0.30486269,0.12926442,1.05,1.0212051,1.0140527,1.003538,0.98454314,0.97500018,0.0,-4.9480005,-5.9660419,-6.9231806,-7.2246416,-7.3977355
random_6,LOCALLY_SOLVED,7461.1052,1.8328719,0.13381058,0.30486269,0.12926442,1.05,1.0212051,1.0140527,1.003538,0.98454314,0.97500018,0.0,-4.9480005,-5.9660419,-6.9231806,-7.2246416,-7.3977355
random_7,LOCALLY_SOLVED,7461.1052,1.8328719,0.13381058,0.30486269,0.12926442,1.05,1.0212051,1.0140527,1.003538,0.98454314,0.97500018,0.0,-4.9480005,-5.9660419,-6.9231806,-7.2246416,-7.3977355
random_8,LOCALLY_SOLVED,7461.1052,1.8328719,0.13381058,0.30486269,0.12926442,1.05,1.0212051,1.0140527,1.003538,0.98454314,0.97500018,0.0,-4.9480005,-5.9660419,-6.9231806,-7.2246416,-7.3977355
random_9,LOCALLY_SOLVED,7461.1052,1.8328719,0.13381058,0.30486269,0.12926442,1.05,1.0212051,1.0140527,1.003538,0.98454314,0.97500018,0.0,-4.9480005,-5.9660419,-6.9231806,-7.2246416,-7.3977355
random_10,LOCALLY_SOLVED,7461.1052,1.8328719,0.13381058,0.30486269,0.12926442,1.05,1.0212051,1.0140527,1.003538,0.98454314,0.97500018,0.0,-4.9480005,-5.9660419,-6.9231806,-7.2246416,-7.3977355
random_11,LOCALLY_SOLVED,7461.1052,1.8328719,0.13381058,0.30486269,0.12926442,1.05,1.0212051,1.0140527,1.003538,0.98454314,0.97500018,0.0,-4.9480005,-5.9660419,-6.9231806,-7.2246416,-7.3977355
random_12,LOCALLY_SOLVED,7461.1052,1.8328719,0.13381058,0.30486269,0.12926442,1.05,1.0212051,1.0140527,1.003538,0.98454314,0.97500018,0.0,-4.9480005,-5.9660419,-6.9231806,-7.2246416,-7.3977355
random_13,LOCALLY_SOLVED,7461.1052,1.8328719,0.13381058,0.30486269,0.12926442,1.05,1.0212051,1.0140527,1.003538,0.98454314,0.97500018,0.0,-4.9480005,-5.9660419,-6.9231806,-7.2246416,-7.3977355
random_14,LOCALLY_SOLVED,7461.1052,1.8328719,0.13381058,0.30486269,0.12926442,1.05,1.0212051,1.0140527,1.003538,0.98454314,0.97500018,0.0,-4.9480005,-5.9660419,-6.9231806,-7.2246416,-7.3977355
random_15,LOCALLY_SOLVED,7461.1052,1.8328719,0.13381058,0.30486269,0.12926442,1.05,1.0212051,1.0140527,1.003538,0.98454314,0.97500018,0.0,-4.9480005,-5.9660419,-6.9231806,-7.2246416,-7.3977355
random_16,LOCALLY_SOLVED,7461.1052,1.8328719,0.13381058,0.30486269,0.12926442,1.05,1.0212051,1.0140527,1.003538,0.98454314,0.97500018,0.0,-4.9480005,-5.9660419,-6.9231806,-7.2246416,-7.3977355
random_17,LOCALLY_SOLVED,7461.1052,1.8328719,0.13381058,0.30486269,0.12926442,1.05,1.0212051,1.0140527,1.003538,0.98454314,0.97500018,0.0,-4.9480005,-5.9660419,-6.9231806,-7.2246416,-7.3977355
random_18,LOCALLY_SOLVED,7461.1052,1.8328719,0.13381058,0.30486269,0.12926442,1.05,1.0212051,1.0140527,1.003538,0.98454314,0.97500018,0.0,-4.9480005,-5.9660419,-6.9231806,-7.2246416,-7.3977355
random_19,LOCALLY_SOLVED,7461.1052,1.8328719,0.13381058,0.30486269,0.12926442,1.05,1.0212051,1.0140527,1.003538,0.98454314,0.97500018,0.0,-4.9480005,-5.9660419,-6.9231806,-7.2246416,-7.3977355
random_20,LOCALLY_SOLVED,7461.1052,1.8328719,0.13381058,0.30486269,0.12926442,1.05,1.0212051,1.0140527,1.003538,0.98454314,0.97500018,0.0,-4.9480005,-5.9660419,-6.9231806,-7.2246416,-7.3977355
flat_variant_1,LOCALLY_SOLVED,7461.1052,1.8328719,0.13381058,0.30486269,0.12926442,1.05,1.0212051,1.0140527,1.003538,0.98454314,0.97500018,0.0,-4.9480005,-5.9660419,-6.9231806,-7.2246416,-7.3977355
flat_variant_2,LOCALLY_SOLVED,7461.1052,1.8328719,0.13381058,0.30486269,0.12926442,1.05,1.0212051,1.0140527,1.003538,0.98454314,0.97500018,0.0,-4.9480005,-5.9660419,-6.9231806,-7.2246416,-7.3977355
flat_variant_3,LOCALLY_SOLVED,7461.1052,1.8328719,0.13381058,0.30486269,0.12926442,1.05,1.0212051,1.0140527,1.003538,0.98454314,0.97500018,0.0,-4.9480005,-5.9660419,-6.9231806,-7.2246416,-7.3977355
flat_variant_4,LOCALLY_SOLVED,7461.1052,1.8328719,0.13381058,0.30486269,0.12926442,1.05,1.0212051,1.0140527,1.003538,0.98454314,0.97500018,0.0,-4.9480005,-5.9660419,-6.9231806,-7.2246416,-7.3977355
flat_variant_5,LOCALLY_SOLVED,7461.1052,1.8328719,0.13381058,0.30486269,0.12926442,1.05,1.0212051,1.0140527,1.003538,0.98454314,0.97500018,0.0,-4.9480005,-5.9660419,-6.9231806,-7.2246416,-7.3977355
