iter,primal,dual,tso_cost,Pg,W33_T,P34_T,Q34_T,v3_D,P34_D,Q34_D,lambda_v,lambda_p,lambda_q,piP1,piP2,piP3,piP4,piP5,piP6,piQ1,piQ2,piQ3,piQ4,piQ5,piQ6,max_cone_residual,max_cone_ratio,tso_rank_ratio
1,1.8152621,16.436993,100.0,-7.1117708e-14,1.0218948,-1.5103136,0.11256516,1.0311748,0.30484821,0.12923711,-4.6400151,-907.58093,-8.335974,9.2044408,9.2546421,9.0515682,9.1344478,9.4145277,9.560599,4.0097413e-12,0.036132262,0.037174204,0.11226724,0.22369134,0.2789704,-3.7754826e-11,3.9981121e-5,7.18161e-13
2,1.8143272,27.879429,100.0,3.4682487e-10,1.0797962,-1.5097274,0.13168558,1.0869308,0.30458335,0.12873704,-8.2073329,-1814.7363,-6.8617071,18.43791,18.532705,18.148687,18.254908,18.781281,19.055116,7.356893e-11,0.065796344,0.071117382,0.12127058,0.3304218,0.43400097,4.6898451e-10,4.2120229e-5,5.2851473e-12
3,1.5367928,3.169989,731.00343,0.27416129,1.0865547,-1.232174,0.11640275,1.0932705,0.30455506,0.1286836,-11.565251,-2583.1008,-13.002129,26.031548,26.244235,25.83115,25.984256,26.729466,27.11709,-3.4069227e-11,0.1056056,0.13028853,0.20490095,0.5009683,0.64757845,1.1162085e-11,3.3832456e-6,1.229843e-12
4,1.258771,4.4360782,1536.3132,0.55110962,1.0782437,-0.95413533,0.12069516,1.0843987,0.30459475,0.12875858,-14.642764,-3212.4659,-17.033835,32.124412,32.483549,32.12446,32.317187,33.25246,33.739123,6.442481e-12,0.13414177,0.16996346,0.26454481,0.63618788,0.82027258,1.5825657e-11,1.4211675e-6,3.7273497e-12
5,1.034841,4.106794,2313.4113,0.77573501,1.070912,-0.73018037,0.12325213,1.0761855,0.30463211,0.12882915,-17.279559,-3729.8721,-19.822349,37.06617,37.57102,37.298534,37.524074,38.619055,39.18902,5.4485033e-12,0.15697453,0.1978706,0.30865605,0.74383945,0.95945029,9.5041232e-11,1.6676922e-5,2.3587226e-12
6,0.85333294,3.4532643,3029.0269,0.9588486,1.0647849,-0.54863925,0.12337021,1.0692794,0.30466401,0.12888939,-19.526795,-4156.5237,-22.581939,41.094669,41.737277,41.565078,41.818245,43.047228,43.687119,7.1115738e-12,0.17988428,0.22551822,0.34995281,0.83846315,1.0805403,7.4731575e-12,3.404455e-6,1.7532028e-12
7,0.7054183,2.9762376,3669.8727,1.1087756,1.0594879,-0.40069226,0.12315491,1.0633272,0.30469185,0.12894197,-21.446449,-4509.2158,-25.475467,44.393063,45.161627,45.092019,45.368597,46.710273,47.409007,8.3552203e-11,0.20324557,0.25449178,0.39051581,0.92389098,1.188242,5.616561e-11,5.5979671e-6,5.3766685e-13
8,0.58434717,2.5810268,4233.4797,1.2319731,1.0548856,-0.27959205,0.12310254,1.0581654,0.30471627,0.12898807,-23.086336,-4801.37,-28.418229,47.103408,47.984645,48.013577,48.310026,49.746595,50.494848,5.735834e-11,0.2263564,0.28395178,0.42982526,1.0009893,1.2840837,3.102579e-10,2.7828334e-5,7.2611955e-13
9,0.48488528,2.2324497,4723.0922,1.3335097,1.0509019,-0.18010528,0.12325884,1.0537007,0.3047376,0.12902833,-24.485723,-5043.7914,-31.302973,49.337213,50.317678,50.437807,50.7511,52.267573,53.057642,4.092557e-11,0.24850354,0.31282842,0.46705927,1.0700506,1.3689818,1.2987173e-10,0.00028043574,2.8416603e-12
10,0.40292521,1.9259496,5144.7474,1.4174044,1.0474668,-0.09812494,0.12359738,1.049849,0.30475615,0.12906336,-25.676834,-5245.2319,-34.035964,51.182896,52.249814,52.452227,52.779807,54.363519,55.188766,1.2046685e-10,0.2691616,0.34018451,0.50151139,1.1312898,1.4435449,2.1170659e-10,0.00022425607,5.7736786e-13
11,0.3352173,1.6511006,5505.5774,1.4868656,1.0445215,-0.030400835,0.12403473,1.046547,0.30477218,0.1290936,-26.689607,-5412.8184,-36.565397,52.711043,53.852618,54.128104,54.467781,56.108097,56.962952,-5.4230845e-11,0.28803565,0.36550275,0.53284072,1.1851751,1.5086418,1.9992483e-11,5.1833945e-5,1.827726e-13
12,0.27916521,1.4108973,5812.9006,1.5444763,1.0420071,0.025664013,0.124515,1.0437254,0.30478595,0.12911961,-27.548754,-5552.3794,-38.867699,53.97848,55.184174,55.523725,55.873628,57.561556,58.441325,4.7932167e-11,0.30501053,0.38854696,0.56096906,1.2322803,1.5651827,2.9780289e-11,0.00020637892,1.4109084e-12
13,0.23267834,1.2017905,6073.7266,1.59233,1.0398663,0.07216065,0.1250105,1.0413219,0.30479775,0.12914188,-28.276584,-5668.698,-40.933388,55.031261,56.291744,56.686921,57.045464,58.77342,59.67415,3.0905605e-11,0.32010186,0.40922253,0.58594197,1.2732105,1.6140515,1.62524e-10,3.9575996e-5,3.2981759e-12
14,0.19406633,1.0246859,6294.4838,1.6321283,1.0380418,0.11077935,0.12553276,1.0392727,0.30480786,0.12916095,-28.89202,-5765.7122,-42.747485,55.906823,57.21393,57.657072,58.022894,59.784495,60.702845,4.7557641e-11,0.33330831,0.42737948,0.60772157,1.3084047,1.65592,1.0751123e-9,0.000261775,8.3488426e-12
15,0.1619565,0.86599181,6480.9236,1.6652606,1.0365008,0.14289451,0.12599672,1.0375408,0.30481643,0.12917713,-29.412009,-5846.6732,-44.337688,56.635734,57.982415,58.466689,58.838655,60.628506,61.561671,9.0075177e-11,0.34480421,0.44329597,0.62669622,1.338647,1.6917732,4.7195014e-10,0.00011530534,3.3476088e-11
16,0.135225,0.73063403,6638.1215,1.6928686,1.0352031,0.16963046,0.12639385,1.0360796,0.30482369,0.12919083,-29.850248,-5914.2698,-45.736177,57.243108,58.623284,59.142662,59.519801,61.333365,62.278958,2.1915478e-12,0.35481898,0.45729329,0.64326901,1.3646762,1.7225097,3.4185442e-10,0.00026770473,6.2722842e-13
17,0.11295175,0.62099161,6770.479,1.7158887,1.0340993,0.19190608,0.12680063,1.0348377,0.30482987,0.1292025,-30.219438,-5970.7317,-46.937113,57.749552,59.158039,59.707286,60.088774,61.92225,62.878256,-2.6031951e-11,0.36340987,0.46931276,0.65745443,1.3868014,1.7485791,2.3218936e-9,0.0024589521,2.4548881e-13
18,0.094379169,0.52106025,6881.8087,1.7350965,1.0331729,0.21048076,0.12713807,1.0337956,0.30483508,0.12921232,-30.530782,-6017.9088,-47.97424,58.172122,59.60447,60.179062,60.564216,62.41439,63.379177,-7.0945333e-11,0.37078303,0.47969331,0.66966025,1.4056693,1.7707736,3.6211027e-10,8.8146972e-5,2.3974088e-12
19,0.07888448,0.44174101,6975.3569,1.7511291,1.0323891,0.22597648,0.12745653,1.0329122,0.3048395,0.12922066,-30.79233,-6057.3404,-48.856307,58.524841,59.977312,60.573381,60.961608,62.825794,63.79792,-9.3801759e-12,0.37705486,0.48852137,0.68001943,1.4216163,1.7895008,2.3337539e-10,0.00024714373,1.3543802e-12
20,0.065946968,0.37024967,7053.9352,1.7645219,1.0317321,0.23891495,0.12771951,1.0321717,0.30484321,0.12922766,-31.012158,-6090.3045,-49.610385,58.819482,60.288868,60.903026,61.293835,63.169762,64.148051,8.2379929e-11,0.38239136,0.49606884,0.6888532,1.4351339,1.8053532,8.1682702e-11,0.00038125459,6.199317e-12
21,0.055143815,0.31153145,7119.8763,1.7757093,1.0311794,0.2497187,0.12794983,1.0315487,0.30484633,0.12923356,-31.196814,-6117.8683,-50.252252,59.065604,60.54922,61.178667,61.571644,63.457414,64.440867,8.8975865e-11,0.38692811,0.50249302,0.69635768,1.446565,1.8187408,2.7226768e-10,0.00025457832,1.2526213e-11
22,0.046117387,0.26379525,7175.1983,1.7850592,1.0307108,0.25874499,0.12817156,1.0310211,0.30484898,0.12923856,-31.351956,-6140.9203,-50.785756,59.271302,60.76685,61.40919,61.803983,63.698008,64.685789,1.4395933e-10,0.39065872,0.50783255,0.70260294,1.4561032,1.8299191,5.8282816e-10,0.00014185741,1.1863505e-11
23,0.038574353,0.21805017,7221.5923,1.7928753,1.0303256,0.26628883,0.12831608,1.0305851,0.30485118,0.1292427,-31.4817,-6160.2015,-51.249065,59.443256,60.948858,61.602004,61.998322,63.899251,64.890644,1.7619439e-10,0.39397258,0.51246996,0.70799965,1.4642547,1.8394387,1.9701285e-9,0.00074876749,5.2746143e-12
24,0.032268605,0.18553218,7260.4838,1.79941,1.0299946,0.27259423,0.12848252,1.030214,0.30485305,0.12924623,-31.591414,-6176.3309,-51.630919,59.587019,61.101049,61.7633,62.160905,64.067622,65.062089,6.867372e-11,0.39668073,0.51629157,0.71246283,1.4710275,1.8473762,1.250032e-10,0.00012151123,1.9151841e-13
25,0.026997118,0.15494191,7293.0766,1.8048742,1.0297217,0.27786597,0.12859746,1.0299041,0.30485461,0.12924917,-31.682633,-6189.8252,-51.956776,59.707233,61.22833,61.898244,62.296915,64.208489,65.205482,7.9275677e-11,0.39898032,0.51955303,0.71625538,1.476758,1.854064,5.6746517e-12,0.00040227236,9.7004839e-13
26,0.022588277,0.12963496,7320.39,1.8094449,1.029492,0.28227489,0.12869985,1.0296449,0.30485591,0.12925164,-31.759076,-6201.1157,-52.232671,59.807789,61.334811,62.011151,62.410718,64.326348,65.325465,7.5088733e-11,0.40091914,0.52231438,0.71946355,1.4815851,1.8596958,2.6610182e-10,0.00026152877,3.3128247e-12
27,0.018900603,0.10861544,7343.2733,1.8132684,1.0292987,0.28596251,0.12879094,1.0294277,0.30485701,0.12925371,-31.823588,-6210.563,-52.464053,59.891905,61.423893,62.105624,62.505946,64.424986,65.425892,4.4987165e-11,0.4025432,0.5246302,0.72215538,1.4856373,1.864426,-7.9752052e-11,0.0010748258,3.1992177e-12
28,0.015815889,0.091840415,7362.4419,1.816467,1.0291368,0.28904718,0.12886684,1.029244,0.30485794,0.12925545,-31.877197,-6218.4683,-52.658358,59.962275,61.498425,62.184679,62.585622,64.50752,65.509907,4.6868867e-11,0.4039085,0.52657484,0.72441068,1.4890329,1.8683827,6.6724504e-11,0.00024578226,3.7299614e-12
29,0.013235228,0.076584046,7378.4969,1.8191433,1.0290012,0.2916278,0.12893077,1.0290908,0.30485871,0.12925691,-31.922034,-6225.0838,-52.821428,60.021152,61.560788,62.250834,62.65231,64.576571,65.580213,4.6922629e-11,0.40505468,0.52820699,0.72630739,1.4918723,1.8716972,1.2283298e-9,0.00029894273,4.7340332e-12
30,0.011076103,0.063787732,7391.9426,1.8213825,1.0288877,0.2937869,0.12898403,1.0289633,0.30485935,0.12925813,-31.959841,-6230.62,-52.958477,60.070415,61.612972,62.306197,62.708114,64.634381,65.639059,5.2783062e-11,0.40601796,0.5295787,0.72789919,1.4942641,1.8744825,3.1897275e-10,7.7629009e-5,3.0322951e-12
31,0.0092695489,0.05347612,7403.202,1.8232562,1.0287926,0.29559343,0.12902853,1.0288563,0.30485989,0.12925915,-31.991688,-6235.2532,-53.073783,60.111637,61.65664,62.35253,62.75482,64.682756,65.688329,8.8662464e-11,0.40682801,0.53073274,0.72923985,1.4962713,1.8768279,-4.9001177e-11,0.00021788216,5.9906125e-12
32,0.0077578517,0.045145246,7412.6299,1.8248242,1.0287129,0.29710509,0.12906668,1.028766,0.30486035,0.12926001,-32.018252,-6239.1309,-53.170444,60.146132,61.693184,62.391306,62.793908,64.723246,65.729553,1.179408e-10,0.40750582,0.53170014,0.73036217,1.4979528,1.8787881,3.9036031e-12,0.0001250029,8.7656999e-12
33,0.0064927522,0.037324796,7420.5243,1.8261364,1.0286459,0.29837012,0.12909989,1.0286914,0.30486072,0.12926072,-32.040981,-6242.3762,-53.250856,60.175001,61.723771,62.42376,62.826623,64.757146,65.764088,7.6432665e-11,0.40806996,0.532505,0.73129974,1.4993624,1.8804371,3.5061006e-10,0.00037126973,4.8687394e-12
34,0.0054340448,0.031983985,7427.134,1.8272346,1.0285901,0.2994288,0.12912669,1.0286274,0.30486105,0.12926133,-32.059673,-6245.0923,-53.318175,60.199161,61.749368,62.450921,62.854003,64.785506,65.792976,5.9874892e-11,0.40854255,0.53317871,0.73208196,1.5005361,1.8818035,1.1235576e-10,0.00056295663,3.5761923e-12
35,0.0045479786,0.026937516,7432.6681,1.8281537,1.0285432,0.30031483,0.12914957,1.0285736,0.30486132,0.12926184,-32.074866,-6247.3655,-53.374308,60.219382,61.770791,62.473654,62.876918,64.809239,65.817108,4.9155846e-11,0.4089374,0.53374052,0.73273388,1.5015144,1.8829251,5.0622949e-10,0.000536058,2.9234563e-12
36,0.0038064929,0.022092307,7437.3007,1.8289229,1.028504,0.30105629,0.12916844,1.0285294,0.30486154,0.12926226,-32.08756,-6249.2682,-53.42122,60.236304,61.78872,62.492681,62.896096,64.829103,65.837302,4.7066569e-11,0.40926792,0.53421009,0.73327895,1.5023322,1.8838682,1.4698178e-10,4.5239933e-5,3.1285825e-12
37,0.0031859407,0.018331917,7441.1789,1.8295667,1.0284712,0.30167683,0.12918406,1.0284927,0.30486173,0.12926261,-32.098309,-6250.8606,-53.460495,60.250467,61.803726,62.508605,62.912148,64.845727,65.854219,4.976309e-11,0.40954482,0.5346032,0.73373525,1.5030166,1.8846653,3.5394597e-10,5.4517811e-5,2.9163131e-12
38,0.0026666364,0.015395155,7444.4251,1.8301054,1.0284438,0.30219613,0.12919693,1.0284619,0.30486188,0.12926291,-32.10736,-6252.1935,-53.49348,60.262319,61.816284,62.521934,62.925584,64.859642,65.868383,5.7053657e-11,0.40977732,0.53493334,0.7341183,1.5035909,1.8853358,9.9494496e-10,0.00039964267,1.2523161e-12
39,0.0022319493,0.012948319,7447.1429,1.8305563,1.0284208,0.3026308,0.12920798,1.028436,0.30486202,0.12926315,-32.114954,-6253.3091,-53.521066,60.27224,61.826796,62.53309,62.936829,64.871289,65.880241,5.803877e-11,0.40997167,0.53520943,0.73443868,1.5040715,1.8858974,4.4697467e-10,9.9252191e-5,2.1066025e-12
40,0.001868085,0.01085886,7449.4182,1.8309338,1.0284016,0.30299465,0.12921727,1.0284143,0.30486212,0.12926336,-32.121314,-6254.2428,-53.544111,60.280544,61.835594,62.542428,62.946241,64.881037,65.890166,5.9225903e-11,0.41013378,0.53544008,0.73470641,1.5044734,1.8863665,1.4192491e-9,0.00034539663,2.3583102e-12
41,0.0015634909,0.0091136941,7451.3232,1.8312498,1.0283855,0.30329923,0.1292251,1.0283961,0.30486222,0.12926353,-32.126622,-6255.0243,-53.563328,60.287496,61.842959,62.550243,62.954119,64.889196,65.89847,6.2281202e-11,0.41026831,0.53563241,0.73492985,1.5048092,1.8867566,7.4575741e-10,0.00021262141,6.046067e-13
42,0.0013084934,0.0075995159,7452.9181,1.8315144,1.028372,0.30355422,0.12923181,1.0283809,0.30486229,0.12926368,-32.131094,-6255.6784,-53.579264,60.293316,61.849123,62.556783,62.960711,64.896024,65.905424,5.5889126e-11,0.41037982,0.53579192,0.73511524,1.5050886,1.8870847,7.012508e-10,0.00024406963,1.8336565e-14
43,0.0010950506,0.0063914448,7454.2533,1.8317358,1.0283606,0.30376765,0.12923742,1.0283681,0.30486236,0.1292638,-32.134837,-6256.2257,-53.592455,60.298188,61.854283,62.562257,62.966229,64.901739,65.911243,4.5569937e-11,0.41047276,0.53592394,0.73526895,1.505321,1.8873574,1.2043535e-9,0.00029309777,4.8398078e-13
44,0.00091646753,0.0053404991,7455.3705,1.8319211,1.0283512,0.30394623,0.129242,1.0283574,0.30486241,0.1292639,-32.137967,-6256.6838,-53.603406,60.302264,61.858601,62.566838,62.970846,64.906521,65.916113,4.0015845e-11,0.41055068,0.53603355,0.73539669,1.5055147,1.8875845,5.2547838e-10,9.6189746e-5,9.8680817e-15
45,0.00076703473,0.0044737109,7456.3054,1.8320761,1.0283433,0.30409566,0.12924583,1.0283485,0.30486246,0.12926399,-32.140578,-6257.0672,-53.612486,60.305674,61.862213,62.570672,62.974711,64.910524,65.920188,3.646001e-11,0.41061613,0.53612443,0.73550276,1.5056759,1.887773,1.2999789e-9,0.00031636939,2.3386411e-14
46,0.00064207179,0.0037035767,7457.0872,1.8322058,1.0283367,0.30422062,0.12924869,1.0283411,0.30486249,0.12926406,-32.142763,-6257.3882,-53.620168,60.308527,61.865236,62.573881,62.977946,64.913875,65.923599,4.1360216e-11,0.41067208,0.53620133,0.73559235,1.5058116,1.8879318,9.4804363e-10,0.00023072058,1.0905656e-13
47,0.00053746518,0.0030971623,7457.7418,1.8323143,1.0283312,0.30432523,0.1292511,1.0283349,0.30486253,0.12926412,-32.144596,-6257.6568,-53.626676,60.310914,61.867766,62.576568,62.980653,64.916679,65.926455,4.340263e-11,0.41071916,0.53626646,0.73566811,1.505926,1.8880658,5.1431043e-10,7.1183219e-5,1.852935e-13
48,0.00044989613,0.0026040622,7458.2897,1.8324051,1.0283266,0.3044128,0.12925319,1.0283297,0.30486255,0.12926417,-32.146129,-6257.8817,-53.632164,60.312913,61.869884,62.578817,62.98292,64.919027,65.928846,4.3654829e-11,0.41075865,0.53632139,0.73573197,1.5060222,1.8881781,5.6109879e-10,5.0254973e-5,1.6540161e-13
49,0.00037658989,0.0021890867,7458.7485,1.8324812,1.0283227,0.30448611,0.12925499,1.0283253,0.30486257,0.12926421,-32.147406,-6258.0699,-53.636772,60.314586,61.871658,62.580699,62.984818,64.920992,65.930846,4.252951e-11,0.41079166,0.53636751,0.73578557,1.5061029,1.8882717,5.5847109e-10,0.00013310617,2.9775763e-14
50,0.00031522445,0.0018440797,7459.1325,1.8325449,1.0283195,0.30454747,0.12925652,1.0283216,0.30486259,0.12926424,-32.14846,-6258.2275,-53.640632,60.315987,61.873142,62.582275,62.986406,64.922638,65.932518,4.0971041e-11,0.41081922,0.53640614,0.7358305,1.5061705,1.8883487,7.0298225e-10,0.00028491672,7.4707534e-14
51,0.00026385574,0.0015209397,7459.4539,1.8325982,1.0283168,0.30459884,0.12925781,1.0283186,0.30486261,0.12926427,-32.149351,-6258.3594,-53.643862,60.317159,61.874385,62.583594,62.987735,64.924015,65.933919,3.9884106e-11,0.41084223,0.53643848,0.73586808,1.506227,1.8884141,5.8679697e-10,0.00032632217,1.6165659e-13
52,0.00022085696,0.0012804797,7459.723,1.8326428,1.0283145,0.30464184,0.12925888,1.028316,0.30486262,0.1292643,-32.150097,-6258.4698,-53.646571,60.318141,61.875425,62.584697,62.988848,64.925167,65.935091,3.8896342e-11,0.41086147,0.53646558,0.73589958,1.5062744,1.8884688,8.4151165e-10,0.00028737788,4.6906979e-13
53,0.00018486403,0.0011100644,7459.9482,1.8326801,1.0283126,0.30467783,0.12925978,1.0283138,0.30486263,0.12926432,-32.150683,-6258.5622,-53.648839,60.318962,61.876296,62.585622,62.98978,64.926133,65.936067,3.8233107e-11,0.41087756,0.53648828,0.73592604,1.5063141,1.8885111,1.5905553e-9,0.00061494659,3.0927359e-13
54,0.00015473581,0.00077733771,7460.1368,1.8327114,1.028311,0.30470796,0.12926056,1.0283122,0.30486264,0.12926433,-32.151291,-6258.6395,-53.650726,60.31965,61.877025,62.586395,62.990559,64.926939,65.936901,3.7626328e-11,0.41089096,0.53650719,0.73594779,1.506347,1.8885573,5.7977331e-10,6.022267e-5,5.7415887e-13
55,0.00012952108,0.00082001622,7460.2946,1.8327375,1.0283097,0.30473317,0.12926112,1.0283106,0.30486265,0.12926435,-32.151738,-6258.7042,-53.652339,60.320226,61.877635,62.587042,62.991211,64.927615,65.937589,3.7361357e-11,0.41090233,0.53652331,0.73596655,1.5063752,1.8885899,7.2577402e-10,0.00040092281,3.2434104e-14
56,0.00010841338,0.00037187776,7460.4267,1.8327594,1.0283086,0.30475428,0.1292617,1.0283099,0.30486265,0.12926436,-32.152376,-6258.7584,-53.653666,60.320707,61.878145,62.587584,62.991755,64.928179,65.9382,3.7023324e-11,0.41091174,0.53653662,0.73598041,1.5063984,1.8886399,2.3155257e-10,8.7157363e-5,1.7060017e-13
57,9.0752657e-5,0.0010187065,7460.5372,1.8327778,1.0283077,0.30477194,0.12926201,1.0283078,0.30486266,0.12926438,-32.15245,-6258.8038,-53.65485,60.321111,61.878573,62.588038,62.992215,64.928656,65.938649,3.6879092e-11,0.41091996,0.53654841,0.73599576,1.5064191,1.8886412,8.6607332e-10,0.00021077155,7.5295924e-14
