rho,iters,converged,primal,dual,rel_cost_err,max_price_err,settle
50.0,523,true,9.7868789e-5,5.1489543e-5,-8.2067052e-5,0.0028093339,357
100.0,264,true,9.804493e-5,2.5780576e-5,-8.2236688e-5,0.0026976753,181
200.0,135,true,9.3342e-5,9.1318674e-5,-7.8295415e-5,0.0028057207,92
500.0,57,true,9.0752657e-5,0.0010187065,-7.6121503e-5,0.0025396287,39
1000.0,31,true,8.4208266e-5,0.0020258677,-7.0639243e-5,0.0023491912,21
2000.0,18,true,7.0913477e-5,0.0064747497,-5.9487541e-5,0.0019334366,12
5000.0,11,true,1.5179519e-5,0.007767035,-1.2730544e-5,0.0004557424,7
10000.0,8,true,6.3324692e-6,1.4931002e-5,-5.2844801e-6,0.00021172127,5
20000.0,9,true,5.3237854e-7,0.0037078342,-7.8168006e-8,2.4957938e-5,4
