variant,node,energy,cone,congestion,drop,total,reactive,paper_model_piP
baseline,3,62.590368,0.0,0.0,0.0,62.590368,0.53659654,62.590369
baseline,4,62.590368,0.39916328,1.280432e-10,0.0050347212,62.994566,0.73605477,62.994547
baseline,5,62.590368,2.3279987,3.3978627e-10,0.012724792,64.931092,1.5065136,64.931101
baseline,6,62.590368,3.3380736,5.3575724e-10,0.012724793,65.941167,1.8887761,65.941188
paper_line12_band,3,182.17977,0.0,0.0,0.0,182.17977,29.27913,182.17508
paper_line12_band,4,182.17977,2.1711875,2.6979655e-8,0.016448982,184.36741,30.298474,184.36253
paper_line12_band,5,182.17977,8.4628623,7.1761259e-8,0.041647835,190.68428,32.811766,190.67915
paper_line12_band,6,182.17977,11.769618,1.1336533e-7,0.04164804,193.99104,34.063219,193.98578
paper_head34_band,3,62.604933,0.0,0.0,0.0,62.604933,0.59093945,62.643733
paper_head34_band,4,62.604933,1.1110421,33.049952,0.0085717941,96.774499,15.126928,187.17283
paper_head34_band,5,62.604933,4.3928061,33.049952,0.021700759,100.06939,16.437837,194.10294
paper_head34_band,6,62.604933,6.117265,33.049952,0.021700759,101.79385,17.090458,197.73912
flex_baseline,3,62.590347,0.0,0.0,0.0,62.590347,0.53654281,62.590439
flex_baseline,4,62.590347,0.39915561,9.1561629e-10,0.0050348545,62.994537,0.73599713,62.994633
flex_baseline,5,62.590347,2.3280009,2.4348003e-9,0.012725574,64.931073,1.5064653,64.931184
flex_baseline,6,62.590347,3.3381202,3.8437569e-9,0.012725581,65.941193,1.8887372,65.94138
flex_line12,3,65.624688,0.0,0.0,0.0,65.624688,2.259319,65.624697
flex_line12,4,65.624688,0.47852646,1.3542854e-9,0.0053489818,66.108564,2.494281,66.108585
flex_line12,5,65.624688,2.5345805,3.6701518e-9,0.013522907,68.172792,3.3154972,68.172836
flex_line12,6,65.624688,3.6119174,5.9824112e-9,0.013522918,69.250129,3.723177,69.250124
flex_head34,3,61.682662,0.0,0.0,0.0,61.682662,0.49922708,61.682732
flex_head34,4,61.682662,0.458386,5.5135439,0.0035284253,67.65812,3.3338684,67.658093
flex_head34,5,61.682662,2.1662509,5.5135439,0.0069427261,69.369399,4.1613468,69.369323
flex_head34,6,61.682662,2.7968515,5.5135439,0.0069427489,70.0,4.5704903,70.0
flex_both,3,65.120439,0.0,0.0,0.0,65.120439,2.1678536,65.120459
flex_both,4,65.120439,0.45876315,2.0804676,0.0035108089,67.663181,3.384977,67.663189
flex_both,5,65.120439,2.1628162,2.0804676,0.0069091309,69.370632,4.2104844,69.37068
flex_both,6,65.120439,2.792184,2.0804676,0.0069091436,70.0,4.6186463,70.0
