variant,node,piP,piQ,piP_admm,piQ_admm
baseline,1,60.323182,-5.0375138e-10,60.321111,3.6879092e-11
baseline,2,61.880767,0.41095873,61.878573,0.41091996
baseline,3,62.590369,0.53661551,62.588038,0.53654841
baseline,4,62.994547,0.73606521,62.992215,0.73599576
baseline,5,64.931101,1.5065317,64.928656,1.5064191
baseline,6,65.941188,1.8888002,65.938649,1.8886412
paper_line12_band,1,60.366154,3.327675e-9,60.301829,4.8765347e-11
paper_line12_band,2,244.00275,38.375756,82.87539,4.7747253
paper_line12_band,3,182.17508,29.275035,76.364078,3.8392951
paper_line12_band,4,184.36253,30.294295,76.973125,4.132911
paper_line12_band,5,190.67915,32.807483,79.413025,5.1036424
paper_line12_band,6,193.98578,34.058888,80.687016,5.5857823
paper_head34_band,1,60.32318,-7.0643882e-7,60.32111,3.6800578e-11
paper_head34_band,2,61.905141,0.50904895,61.878574,0.41092626
paper_head34_band,3,62.643733,0.73606787,62.588041,0.53656129
paper_head34_band,4,187.17283,53.637788,63.000677,0.73959972
paper_head34_band,5,194.10294,56.395041,64.937459,1.5101604
paper_head34_band,6,197.73912,57.771152,65.947673,1.8924754
flex_baseline,1,60.323182,1.7330695e-9,60.321109,1.4213783e-10
flex_baseline,2,61.880822,0.41104102,61.878575,0.41098178
flex_baseline,3,62.590439,0.53658547,62.588048,0.5367054
flex_baseline,4,62.994633,0.73604405,62.992213,0.73614938
flex_baseline,5,64.931184,1.5065142,64.92864,1.5066037
flex_baseline,6,65.94138,1.888784,65.938663,1.8888489
flex_line12,1,56.813147,-4.3440009e-10,56.812618,2.3020159e-10
flex_line12,2,68.426429,2.7789155,68.425285,2.7787109
flex_line12,3,65.624697,2.2593708,65.623561,2.259178
flex_line12,4,66.108585,2.4943351,66.107446,2.494135
flex_line12,5,68.172836,3.3155548,68.17167,3.3153381
flex_line12,6,69.250124,3.7232352,69.248916,3.723004
flex_head34,1,59.518531,-2.2767004e-10,59.516557,2.8725842e-10
flex_head34,2,61.026805,0.38819275,61.02473,0.38818256
flex_head34,3,61.682732,0.49934707,61.680541,0.4993736
flex_head34,4,67.658093,3.3339604,67.658116,3.3350092
flex_head34,5,69.369323,4.1614118,69.369392,4.1624664
flex_head34,6,70.0,4.5705568,70.0,4.5716135
flex_both,1,56.540671,-6.9105702e-13,56.540131,8.9657272e-11
flex_both,2,67.908123,2.6825268,67.906975,2.6822097
flex_both,3,65.120459,2.1678374,65.119344,2.16755
flex_both,4,67.663189,3.3849648,67.663151,3.3851764
flex_both,5,69.37068,4.2104746,69.370656,4.2106859
flex_both,6,70.0,4.6186351,70.0,4.6188491
