timestamp,mode,target,repeat,julia_version,outcome,passes,fails,errors,broken,secs,solve_label,labels
20261006T114935,fresh,fit_baseline,1,1.12.7,broken,0,0,0,1,49.8,solve_failed:ALMOST_OPTIMAL,ALMOST_OPTIMAL|ALMOST_SOLVED
20261006T114935,fresh,fit_baseline,2,1.12.7,broken,0,0,0,1,49.7,solve_failed:ALMOST_OPTIMAL,ALMOST_OPTIMAL|ALMOST_SOLVED
20261006T114935,fresh,fit_baseline,3,1.12.7,broken,0,0,0,1,50.2,solve_failed:ALMOST_OPTIMAL,ALMOST_OPTIMAL|ALMOST_SOLVED
20261006T114935,fresh,fit_baseline,4,1.12.7,broken,0,0,0,1,50.2,solve_failed:ALMOST_OPTIMAL,ALMOST_OPTIMAL|ALMOST_SOLVED
20261006T114935,fresh,fit_baseline,5,1.12.7,broken,0,0,0,1,55.8,solve_failed:ALMOST_OPTIMAL,ALMOST_OPTIMAL|ALMOST_SOLVED
20261006T114935,fresh,fit_baseline,6,1.12.7,broken,0,0,0,1,54.0,solve_failed:ALMOST_OPTIMAL,ALMOST_OPTIMAL|ALMOST_SOLVED
20261006T114935,fresh,fit_baseline,7,1.12.7,broken,0,0,0,1,73.0,solve_failed:ALMOST_OPTIMAL,ALMOST_OPTIMAL|ALMOST_SOLVED
20261006T114935,fresh,fit_baseline,8,1.12.7,broken,0,0,0,1,70.5,solve_failed:ALMOST_OPTIMAL,ALMOST_OPTIMAL|ALMOST_SOLVED
20261006T114935,fresh,fit_baseline,9,1.12.7,broken,0,0,0,1,57.9,solve_failed:ALMOST_OPTIMAL,ALMOST_OPTIMAL|ALMOST_SOLVED
20261006T114935,fresh,fit_baseline,10,1.12.7,broken,0,0,0,1,58.3,solve_failed:ALMOST_OPTIMAL,ALMOST_OPTIMAL|ALMOST_SOLVED
20261006T114935,fresh,fit_baseline,11,1.12.7,broken,0,0,0,1,69.5,solve_failed:ALMOST_OPTIMAL,ALMOST_OPTIMAL|ALMOST_SOLVED
20261006T114935,fresh,fit_baseline,12,1.12.7,broken,0,0,0,1,68.6,solve_failed:ALMOST_OPTIMAL,ALMOST_OPTIMAL|ALMOST_SOLVED
20261006T114935,fresh,fit_baseline,13,1.12.7,broken,0,0,0,1,61.1,solve_failed:ALMOST_OPTIMAL,ALMOST_OPTIMAL|ALMOST_SOLVED
20261006T114935,fresh,fit_baseline,14,1.12.7,broken,0,0,0,1,61.9,solve_failed:ALMOST_OPTIMAL,ALMOST_OPTIMAL|ALMOST_SOLVED
20261006T114935,fresh,fit_baseline,15,1.12.7,broken,0,0,0,1,53.8,solve_failed:ALMOST_OPTIMAL,ALMOST_OPTIMAL|ALMOST_SOLVED
20261006T114935,fresh,fit_baseline,16,1.12.7,broken,0,0,0,1,53.5,solve_failed:ALMOST_OPTIMAL,ALMOST_OPTIMAL|ALMOST_SOLVED
20261006T114935,fresh,fit_baseline,17,1.12.7,broken,0,0,0,1,45.8,solve_failed:ALMOST_OPTIMAL,ALMOST_OPTIMAL|ALMOST_SOLVED
20261006T114935,fresh,fit_baseline,18,1.12.7,broken,0,0,0,1,46.0,solve_failed:ALMOST_OPTIMAL,ALMOST_OPTIMAL|ALMOST_SOLVED
20261006T114935,fresh,fit_baseline,19,1.12.7,broken,0,0,0,1,46.8,solve_failed:ALMOST_OPTIMAL,ALMOST_OPTIMAL|ALMOST_SOLVED
20261006T114935,fresh,fit_baseline,20,1.12.7,broken,0,0,0,1,46.2,solve_failed:ALMOST_OPTIMAL,ALMOST_OPTIMAL|ALMOST_SOLVED
20261006T114935,fresh,ieee13_admm,1,1.12.7,pass,11,0,0,0,202.8,solved,
20261006T114935,fresh,ieee13_admm,2,1.12.7,pass,11,0,0,0,203.9,solved,
20261006T114935,fresh,ieee13_admm,3,1.12.7,pass,11,0,0,0,200.1,solved,
20261006T114935,fresh,ieee13_admm,4,1.12.7,pass,11,0,0,0,197.6,solved,
20261006T114935,fresh,ieee13_admm,5,1.12.7,pass,11,0,0,0,210.9,solved,
20261006T114935,fresh,ieee13_admm,6,1.12.7,pass,11,0,0,0,211.4,solved,
20261006T114935,fresh,ieee13_admm,7,1.12.7,pass,11,0,0,0,173.8,solved,
20261006T114935,fresh,ieee13_admm,8,1.12.7,pass,11,0,0,0,173.4,solved,
20261006T114935,fresh,ieee13_admm,9,1.12.7,pass,11,0,0,0,172.2,solved,
20261006T114935,fresh,ieee13_admm,10,1.12.7,pass,11,0,0,0,170.6,solved,
20261006T114935,fresh,ieee13_admm,11,1.12.7,pass,11,0,0,0,164.9,solved,
20261006T114935,fresh,ieee13_admm,12,1.12.7,pass,11,0,0,0,163.0,solved,
20261006T114935,fresh,ieee13_admm,13,1.12.7,pass,11,0,0,0,185.9,solved,
20261006T114935,fresh,ieee13_admm,14,1.12.7,pass,11,0,0,0,186.0,solved,
20261006T114935,fresh,ieee13_admm,15,1.12.7,pass,11,0,0,0,179.6,solved,
20261006T114935,fresh,ieee13_admm,16,1.12.7,pass,11,0,0,0,182.5,solved,
20261006T114935,fresh,ieee13_admm,17,1.12.7,pass,11,0,0,0,172.6,solved,
20261006T114935,fresh,ieee13_admm,18,1.12.7,pass,11,0,0,0,171.3,solved,
20261006T114935,fresh,ieee13_admm,19,1.12.7,pass,11,0,0,0,167.5,solved,
20261006T114935,fresh,ieee13_admm,20,1.12.7,pass,11,0,0,0,166.4,solved,
20261006T114935,fresh,stochastic_welfare,1,1.12.7,pass,26,0,0,0,49.4,solved,
20261006T114935,fresh,stochastic_welfare,2,1.12.7,pass,26,0,0,0,49.2,solved,
20261006T114935,fresh,stochastic_welfare,3,1.12.7,pass,26,0,0,0,53.6,solved,
20261006T114935,fresh,stochastic_welfare,4,1.12.7,pass,26,0,0,0,53.2,solved,
20261006T114935,fresh,stochastic_welfare,5,1.12.7,pass,26,0,0,0,56.5,solved,
20261006T114935,fresh,stochastic_welfare,6,1.12.7,pass,26,0,0,0,54.3,solved,
20261006T114935,fresh,stochastic_welfare,7,1.12.7,pass,26,0,0,0,60.6,solved,
20261006T114935,fresh,stochastic_welfare,8,1.12.7,pass,26,0,0,0,61.2,solved,
20261006T114935,fresh,stochastic_welfare,9,1.12.7,pass,26,0,0,0,52.2,solved,
20261006T114935,fresh,stochastic_welfare,10,1.12.7,pass,26,0,0,0,51.5,solved,
20261006T114935,fresh,stochastic_welfare,11,1.12.7,pass,26,0,0,0,48.4,solved,
20261006T114935,fresh,stochastic_welfare,12,1.12.7,pass,26,0,0,0,48.8,solved,
20261006T114935,fresh,stochastic_welfare,13,1.12.7,pass,26,0,0,0,49.6,solved,
20261006T114935,fresh,stochastic_welfare,14,1.12.7,pass,26,0,0,0,49.3,solved,
20261006T114935,fresh,stochastic_welfare,15,1.12.7,pass,26,0,0,0,56.3,solved,
20261006T114935,fresh,stochastic_welfare,16,1.12.7,pass,26,0,0,0,58.1,solved,
20261006T114935,fresh,stochastic_welfare,17,1.12.7,pass,26,0,0,0,49.2,solved,
20261006T114935,fresh,stochastic_welfare,18,1.12.7,pass,26,0,0,0,49.4,solved,
20261006T114935,fresh,stochastic_welfare,19,1.12.7,pass,26,0,0,0,49.9,solved,
20261006T114935,fresh,stochastic_welfare,20,1.12.7,pass,26,0,0,0,50.5,solved,
