fixture,density,solver,T_horizon,n_agg,model_vars,model_cons,termination_status,assembly_time_s,solve_time_s,total_time_s,exact_maxgap,exact_atol_used,exact_verdict,clarabel_tol_gap,admm_status,admm_iters,admm_time_s,admm_peak_rss_delta_mb,scs_status,scs_dadp_drift,scs_eps_abs,error_msg
ieee13,0.1,both,24,1,1537,3002,OPTIMAL,27.933601373,1.015869288,28.949470661,2.579145160095453e-9,1.0e-6,exact,1.0e-8,converged,4,1.85645476,0.0,scs_unavailable,NaN,NaN,
ieee13,0.25,both,24,2,1778,3484,OPTIMAL,0.07032671899999998,0.046553499000000005,0.116880218,2.1886254788901195e-9,1.0e-6,exact,1.0e-8,converged,15,0.897473731,0.0,scs_unavailable,NaN,NaN,
ieee13,0.5,both,24,5,2501,4930,OPTIMAL,0.11537852200000001,0.080486002,0.195864524,1.417314711660351e-8,1.0e-6,exact,1.0e-8,converged,6,0.724203559,0.0,scs_unavailable,NaN,NaN,
ieee13,1.0,both,24,10,3706,7340,OPTIMAL,0.13895491699999998,0.145724773,0.28467969,1.9280346637894195e-8,1.0e-6,exact,1.0e-8,converged,48,6.072265923,24.8984375,scs_unavailable,NaN,NaN,
ieee123,0.1,both,24,8,16664,33256,OPTIMAL,24.301398761,2.0689910250000003,26.370389786,3.726474301906863e-7,1.0e-6,exact,1.0e-8,converged,4,5.517370503,66.12109375,scs_unavailable,NaN,NaN,
ieee123,0.25,both,24,21,19797,39522,OPTIMAL,0.6536804749999999,0.7752669680000001,1.428947443,5.8623092310645566e-8,1.0e-6,exact,1.0e-8,converged,4,4.434573152,11.125,scs_unavailable,NaN,NaN,
ieee123,0.5,both,24,42,24858,49644,OPTIMAL,1.4246466549999999,1.298307515,2.72295417,2.1719398225457723e-7,1.0e-6,exact,1.0e-8,converged,4,5.506302907,16.4765625,scs_unavailable,NaN,NaN,
ieee123,1.0,both,24,85,35221,70370,OPTIMAL,1.716538591,3.8313224120000005,5.547861003,1.7778382246369517e-6,1.0e-6,inexact,1.0e-8,converged,4,8.038777232,3.2265625,scs_unavailable,NaN,NaN,
ieee8500-mv,0.1,both,24,118,330066,659964,OPTIMAL,44.277887481,37.375103844,81.652991325,0.0005781162395352979,0.0011460285861373265,exact,1.0e-8,ERROR:ErrorException,-1,163.172561827,2144.28125,scs_unavailable,NaN,NaN,"SOCP relaxation INEXACT: worst gap/(atol+rtol·|cone|)=37.6516059064119 > 1 (rtol=0.0001, atol=1.0e-6; max abs |l·v−(P²+Q²)|=8.554073861874456e-5) — prices REFUSED (thesis 3.43-3.45; PF-04)"
ieee8500-mv,0.25,both,24,288,371036,741904,OPTIMAL,51.62746527099999,50.046746948000006,101.674212219,0.0037728309624518452,0.0011460285861373265,inexact,1.0e-8,budget_exceeded,4,159.96166815,4109.31640625,scs_unavailable,NaN,NaN,
ieee8500-mv,0.5,both,24,-1,-1,-1,OOM_KILLED,,,,,0.0011460285861373265,,1.0e-8,OOM_KILLED,-1,,7635.30,skipped_oom,,,"Linux OOM-killer terminated the Julia process (SIGKILL) before this point could complete or be caught by the harness's own try/catch -- confirmed via `journalctl -k`: 'Out of memory: Killed process 325585 (julia) total-vm:9582256kB, anon-rss:7818552kB' at Aug 21 22:38:06. This row was constructed manually by the executor (not written by scripts/benchmark_ieee8500.jl, which cannot observe an OS-level SIGKILL) from that dmesg evidence -- admm_peak_rss_delta_mb here is the process's anon-rss AT THE MOMENT OF THE KILL (a measured LOWER BOUND on this point's true memory need, since the process was still growing when killed), NOT the harness's own Sys.maxrss()-delta method. System context: swap was at or near its ~9GiB ceiling at kill time on this shared 15GiB machine (other, unrelated processes -- browser tabs, docker, other agent sessions -- were concurrently consuming several GiB). This was the FIRST solo retry of this point after the point had already succeeded once (102.157s wall) inside an earlier combined 4-density invocation whose OWN final density=1.0 point OOM'd BEFORE the combined CSV write -- because the harness writes ALL of an invocation's rows in ONE upsert at the very end of its density loop, that earlier invocation's 0.1/0.25/0.5 successes were never persisted either, which is why this point was re-run solo."
ieee8500-mv,1.0,both,24,-1,-1,-1,OOM_KILLED,,,,,0.0011460285861373265,,1.0e-8,OOM_KILLED,-1,,9524.48,skipped_oom,,,"Linux OOM-killer terminated the Julia process (SIGKILL) before this point could complete or be caught by the harness's own try/catch -- confirmed via `journalctl -k`: 'Out of memory: Killed process 178148 (julia) total-vm:13237888kB, anon-rss:9753068kB' at Aug 21 22:00:09. This row was constructed manually by the executor (not written by scripts/benchmark_ieee8500.jl, which cannot observe an OS-level SIGKILL) from that dmesg evidence -- admm_peak_rss_delta_mb here is the process's anon-rss AT THE MOMENT OF THE KILL (a measured LOWER BOUND on this point's true memory need, since the process was still growing when killed), NOT the harness's own Sys.maxrss()-delta method. System context: swap was at or near its ~9GiB ceiling at kill time on this shared 15GiB machine (other, unrelated processes -- browser tabs, docker, other agent sessions -- were concurrently consuming several GiB). This OOM occurred inside the FIRST combined 4-density invocation, at its FINAL (density=1.0) point; because that invocation's rows are only written once at the very end of the density loop, this crash also discarded that SAME invocation's already-computed 0.1/0.25/0.5 results, which is why those three densities were re-run and persisted individually afterward."
ieee8500,0.1,both,24,-1,-1,-1,OOM_KILLED,,,,,0.004969145122458496,,1.0e-8,OOM_KILLED,-1,,6827.77,skipped_oom,,,"Linux OOM-killer terminated the Julia process (SIGKILL) before this point could complete or be caught by the harness's own try/catch -- confirmed via `journalctl -k`: 'Out of memory: Killed process 371072 (julia) total-vm:8312140kB, anon-rss:6991636kB' at Aug 21 22:48:07. This row was constructed manually by the executor (not written by scripts/benchmark_ieee8500.jl, which cannot observe an OS-level SIGKILL) from that dmesg evidence -- admm_peak_rss_delta_mb here is the process's anon-rss AT THE MOMENT OF THE KILL (a measured LOWER BOUND on this point's true memory need, since the process was still growing when killed), NOT the harness's own Sys.maxrss()-delta method. System context: swap was at or near its ~9GiB ceiling at kill time on this shared 15GiB machine (other, unrelated processes -- browser tabs, docker, other agent sessions -- were concurrently consuming several GiB). This is the SMALLEST density point on the headline (4,875-bus/4,874-branch) fixture -- OOM-killed on the FIRST attempt."
ieee8500,0.1,both,24,-1,-1,-1,OOM_KILLED,,,,,0.004969145122458496,,1.0e-8,OOM_KILLED,-1,,8347.98,skipped_oom,,,"Linux OOM-killer terminated the Julia process (SIGKILL) before this point could complete or be caught by the harness's own try/catch -- confirmed via `journalctl -k`: 'Out of memory: Killed process 404810 (julia) total-vm:10364692kB, anon-rss:8548328kB' at Aug 21 22:55:07. This row was constructed manually by the executor (not written by scripts/benchmark_ieee8500.jl, which cannot observe an OS-level SIGKILL) from that dmesg evidence -- admm_peak_rss_delta_mb here is the process's anon-rss AT THE MOMENT OF THE KILL (a measured LOWER BOUND on this point's true memory need, since the process was still growing when killed), NOT the harness's own Sys.maxrss()-delta method. System context: swap was at or near its ~9GiB ceiling at kill time on this shared 15GiB machine (other, unrelated processes -- browser tabs, docker, other agent sessions -- were concurrently consuming several GiB). This is a RETRY of the same density=0.1 point after the first attempt above OOM-killed; retried once because available memory fluctuates run-to-run on this shared machine -- OOM-killed again."
ieee8500,0.25,both,24,-1,-1,-1,not_attempted,,,,,0.004969145122458496,,1.0e-8,not_attempted,-1,,,not_requested,,,"Not attempted by the executor: this fixture's own SMALLEST (density=0.1) and FULLEST (density=1.0) grid points both OOM-killed under current shared-machine memory contention (see those rows' error_msg for dmesg evidence); an intermediate point was judged very likely to fail the same way and was not run, to avoid burning further shared-machine memory/CPU on an already-established finding. This is an honest reported gap, not a silently dropped point."
ieee8500,0.5,both,24,-1,-1,-1,not_attempted,,,,,0.004969145122458496,,1.0e-8,not_attempted,-1,,,not_requested,,,"Not attempted by the executor: this fixture's own SMALLEST (density=0.1) and FULLEST (density=1.0) grid points both OOM-killed under current shared-machine memory contention (see those rows' error_msg for dmesg evidence); an intermediate point was judged very likely to fail the same way and was not run, to avoid burning further shared-machine memory/CPU on an already-established finding. This is an honest reported gap, not a silently dropped point."
ieee8500,1.0,both,24,-1,-1,-1,OOM_KILLED,,,,,0.004969145122458496,,1.0e-8,OOM_KILLED,-1,,8196.51,skipped_oom,,,"Linux OOM-killer terminated the Julia process (SIGKILL) before this point could complete or be caught by the harness's own try/catch -- confirmed via `journalctl -k`: 'Out of memory: Killed process 426898 (julia) total-vm:9791812kB, anon-rss:8393224kB' at Aug 21 23:08:02. This row was constructed manually by the executor (not written by scripts/benchmark_ieee8500.jl, which cannot observe an OS-level SIGKILL) from that dmesg evidence -- admm_peak_rss_delta_mb here is the process's anon-rss AT THE MOMENT OF THE KILL (a measured LOWER BOUND on this point's true memory need, since the process was still growing when killed), NOT the harness's own Sys.maxrss()-delta method. System context: swap was at or near its ~9GiB ceiling at kill time on this shared 15GiB machine (other, unrelated processes -- browser tabs, docker, other agent sessions -- were concurrently consuming several GiB). THIS IS THE PHASE'S HEADLINE POINT: the full 4,875-bus/4,874-branch IEEE-8500 fixture at density=1.0 (all load buses populated). It OOM-killed on its only attempt, meaning it never reached solve_welfare's / solve_admm's own convergence, timeout, or SOCP-exactness-gate logic at all -- the system ran out of memory assembling/solving the model before any of those mechanisms could fire. This is the plainly-stated, honest measured outcome for the headline point: it did NOT converge, it did NOT time out via the harness's own D-18 wall-clock budget, and SOCP exactness was NEVER evaluated -- the point is memory-bound, not exactness- or convergence-bound, on this shared 15GiB machine."
