fixture,density,T_horizon,b,t,from_id,to_id,from_name,to_name,r_pu,gap,atol_b,ratio,loss_impact,run_label
ieee8500,0.1,10,1325,3,614,2199,L2916620,N1136366,2.4010056218377727e-6,0.00012065558251975218,2.0e-7,568.9541645248668,2.8969473193603627e-10,p35-diag-d0.1-T10
ieee8500,0.1,10,1325,4,614,2199,L2916620,N1136366,2.4010056218377727e-6,0.00012040030298263139,2.0e-7,567.8187407032145,2.8908180433226913e-10,p35-diag-d0.1-T10
ieee8500,0.1,10,1325,5,614,2199,L2916620,N1136366,2.4010056218377727e-6,0.00011833503899940764,2.0e-7,558.6228656978777,2.841230938979698e-10,p35-diag-d0.1-T10
ieee8500,0.1,10,1325,2,614,2199,L2916620,N1136366,2.4010056218377727e-6,0.00011819546079161697,2.0e-7,558.0007274090019,2.837879658363784e-10,p35-diag-d0.1-T10
ieee8500,0.1,10,1325,1,614,2199,L2916620,N1136366,2.4010056218377727e-6,0.00011651581014311498,2.0e-7,550.5076294952705,2.7975511518660164e-10,p35-diag-d0.1-T10
ieee8500,0.1,10,1325,6,614,2199,L2916620,N1136366,2.4010056218377727e-6,0.00010941746392274912,2.0e-7,518.7093868051719,2.627119460057523e-10,p35-diag-d0.1-T10
ieee8500,0.1,10,370,5,2091,2092,M1186063,M1186064,2.604149508968544e-6,9.380197987657324e-5,2.0e-7,446.89614164376377,2.442743798358554e-10,p35-diag-d0.1-T10
ieee8500,0.1,10,370,1,2091,2092,M1186063,M1186064,2.604149508968544e-6,9.038665881153893e-5,2.0e-7,430.9890141990933,2.353803731613764e-10,p35-diag-d0.1-T10
ieee8500,0.1,10,1325,7,614,2199,L2916620,N1136366,2.4010056218377727e-6,8.977198303439324e-5,2.0e-7,429.5778858325125,2.1554303594910333e-10,p35-diag-d0.1-T10
ieee8500,0.1,10,370,6,2091,2092,M1186063,M1186064,2.604149508968544e-6,8.614304948161231e-5,2.0e-7,411.84516830746213,2.2432938000859368e-10,p35-diag-d0.1-T10
ieee8500,0.1,10,370,2,2091,2092,M1186063,M1186064,2.604149508968544e-6,7.963317604454202e-5,2.0e-7,377.9213671013002,2.0737669629399973e-10,p35-diag-d0.1-T10
ieee8500,0.1,10,370,4,2091,2092,M1186063,M1186064,2.604149508968544e-6,7.555441756716745e-5,2.0e-7,357.38531813601713,1.9675499940794344e-10,p35-diag-d0.1-T10
ieee8500,0.1,10,1325,8,614,2199,L2916620,N1136366,2.4010056218377727e-6,7.293149341199274e-5,2.0e-7,351.8278034936375,1.7510892569121905e-10,p35-diag-d0.1-T10
ieee8500,0.1,10,1325,10,614,2199,L2916620,N1136366,2.4010056218377727e-6,6.835012004973852e-5,2.0e-7,330.4572054178857,1.6410902249270885e-10,p35-diag-d0.1-T10
ieee8500,0.1,10,370,7,2091,2092,M1186063,M1186064,2.604149508968544e-6,6.600639977680859e-5,2.0e-7,317.56698335358226,1.7189053356755747e-10,p35-diag-d0.1-T10
ieee8500,0.1,10,1325,9,614,2199,L2916620,N1136366,2.4010056218377727e-6,6.52999389855201e-5,2.0e-7,316.17654052512853,1.567855206098973e-10,p35-diag-d0.1-T10
ieee8500,0.1,10,2008,3,1458,1459,M1026848,M1026849,4.265530874097834e-6,6.039668607347959e-5,2.0e-7,293.1313493256393,2.576239291396219e-10,p35-diag-d0.1-T10
ieee8500,0.1,10,370,3,2091,2092,M1186063,M1186064,2.604149508968544e-6,6.223425612464786e-5,2.0e-7,292.8950304137961,1.6206730752802433e-10,p35-diag-d0.1-T10
ieee8500,0.1,10,2008,4,1458,1459,M1026848,M1026849,4.265530874097834e-6,6.033466072255082e-5,2.0e-7,292.8391288694409,2.5735935809025847e-10,p35-diag-d0.1-T10
ieee8500,0.1,10,2008,5,1458,1459,M1026848,M1026849,4.265530874097834e-6,5.953301919923103e-5,2.0e-7,289.0607659321626,2.5393993142257907e-10,p35-diag-d0.1-T10
