source,probability,hour,dadp
default,NaN,1,3.8176351066434
default,NaN,2,3.7366550883984737
default,NaN,3,3.602409083994124
default,NaN,4,0.007896281404680447
default,NaN,5,0.005090635764089767
default,NaN,6,0.02526519091120429
default,NaN,7,4.81861216961038
default,NaN,8,5.925179816071934
default,NaN,9,6.633049355021736
stoch_1,0.05,1,3.8173099552570333
stoch_1,0.05,2,3.7326837606444982
stoch_1,0.05,3,3.5824835756069007
stoch_1,0.05,4,0.009831516404823576
stoch_1,0.05,5,0.004253546629765738
stoch_1,0.05,6,0.005929130577391343
stoch_1,0.05,7,4.843015278706956
stoch_1,0.05,8,5.9071599196186675
stoch_1,0.05,9,6.614340182599612
stoch_2,0.15,1,3.8173099612142245
stoch_2,0.15,2,3.73983679701509
stoch_2,0.15,3,3.5639418137485768
stoch_2,0.15,4,0.00961640936878851
stoch_2,0.15,5,0.015538922550252581
stoch_2,0.15,6,0.015555978351209386
stoch_2,0.15,7,4.855350695587023
stoch_2,0.15,8,5.90712234691968
stoch_2,0.15,9,6.581860013317703
stoch_3,0.3,1,3.8173099633200334
stoch_3,0.3,2,3.7326126927117507
stoch_3,0.3,3,3.5705580628865494
stoch_3,0.3,4,0.007810541926435278
stoch_3,0.3,5,0.011353796305743917
stoch_3,0.3,6,0.0201845753766891
stoch_3,0.3,7,4.774131310719323
stoch_3,0.3,8,5.943906570900858
stoch_3,0.3,9,6.614915193594597
stoch_4,0.3,1,3.8173099638236194
stoch_4,0.3,2,3.7400086320200105
stoch_4,0.3,3,3.575823370805813
stoch_4,0.3,4,0.015026547051284377
stoch_4,0.3,5,0.003355094716494472
stoch_4,0.3,6,0.003392051871856873
stoch_4,0.3,7,4.727953642779072
stoch_4,0.3,8,5.913146142266483
stoch_4,0.3,9,6.614306541867088
stoch_5,0.2,1,3.817309962583882
stoch_5,0.2,2,3.7399335196564656
stoch_5,0.2,3,3.5750730596958924
stoch_5,0.2,4,0.008877021708614196
stoch_5,0.2,5,0.005997522667959954
stoch_5,0.2,6,0.01595226900570208
stoch_5,0.2,7,4.851146784355637
stoch_5,0.2,8,5.913160857106632
stoch_5,0.2,9,6.614861913335416
expected,NaN,1,3.817309962604858
expected,NaN,2,3.7373828089353096
expected,NaN,3,3.572644492889519
expected,NaN,4,0.010560568260598192
expected,NaN,5,0.008155687554289682
expected,NaN,6,0.012893295257255181
expected,NaN,7,4.791308211194047
expected,NaN,8,5.9211743333904145
expected,NaN,9,6.609734914433225
