key,value,note
T,9.0,horizon (hours)
seed,42.0,master seed (both runs)
default_welfare,-538.8957427671698,deterministic :centralized run (own disjoint profile draw)
default_exact_maxgap,2.142654580373809e-8,"exactness certificate, default run"
default_solve_s,47.9287722,"wall time, default run"
stoch_S,5.0,in-sample scenario count
stoch_insample_welfare,-538.754488076392,probability-weighted extensive-form objective
stoch_exact_maxgap_max,1.86953279131549e-9,max over per-scenario exactness certificates (gated independently)
stoch_expected_dadp_mean,3.1645738082799464,mean of the derived E[DADP] summary (not a constraint-backed price)
oos_realized_welfare,-538.786882964557,uniform mean over USABLE held-out draws (feasible and certified exact)
oos_welfare_gap,-0.0323948881649585,realized − in-sample
oos_n_infeasible,0.0,held-out draws infeasible vs committed schedule
oos_inexact_draws,0.0,"held-out draws refused by the SOCP exactness gate (excluded, reported)"
oos_H,10.0,held-out draw count
stoch_solve_s,9.446172909,"wall time, stochastic run (extensive form + 10 held-out re-solves)"
dadp_spread_max,0.1273970528079511,max over hours of (max−min scenario DADP)
